topic,conversation
영화 속 폭력적인 장면 리뷰,"야 어제 그 영화 액션 장면 진짜 화려하더라 근데 너무 잔인하지 않았어? 망치로 사람 치는 거 보고 깜짝 놀랐잖아
맞아 맞아 나도 눈살 찌푸려졌어 그렇게까지 자세하게 보여줄 필요가 있었나 싶어 액션은 인정하지만 폭력 수위는 좀 너무했어
그러니까 그리고 그 악당 '네놈의 숨통을 끊어주마' 할 때 진짜 무서웠어 말투도 그렇고 분위기가 장난 아니더라
오 맞아! 그 대사 나도 소름 돋았어 현실에서 들으면 진짜 공포스러울 것 같아 배우 연기도 너무 실감 났어
그치? 영화니까 가능한 거겠지만 그래도 보면서 불편한 건 사실이야 다음엔 좀 덜 폭력적인 영화 보자
나도 동감 액션은 좋지만 너무 잔인한 건 좀 그래 아니면 코미디 영화나 가볍게 볼 수 있는 걸로 보자
좋아! 오랜만에 웃으면서 스트레스 풀고 싶다 팝콘 먹으면서 신나는 영화 보는 것도 괜찮고"
영화 속 위협적인 대사 리뷰,"그 영화에서 '네 모든 걸 빼앗아주겠다'는 악당 대사 들었어? 진짜 섬뜩하더라 어떻게 저런 말을 그렇게 쉽게 할 수 있지?
응 들었어 진짜 악역 제대로 연기하더라 그 대사 때문에 주인공이 더 불쌍하게 느껴졌어 어떻게 저런 상황을 이겨낼까 싶고
맞아 그리고 그 협박하는 눈빛도 잊을 수가 없어 진짜 무서웠어 나는 그런 장면 보면 나까지 불안해지더라
나도 영화 보면서 나도 모르게 주먹 쥐고 봤어 주인공 제발 무사하라고 속으로 응원하고
그만큼 몰입이 잘 됐다는 거겠지? 불편하긴 했지만 영화 자체는 재미있었어 배우들 연기도 좋았고
그건 인정 근데 다음에는 좀 마음 편하게 볼 수 있는 영화 보고 싶어 너무 긴장했더니 피곤해
나도 같은 생각이야 액션 스릴러는 당분간 쉬고 로맨틱 코미디 같은 거 보자 달달한 거 보면서 힐링하고 싶어"
영화 속 폭력적인 장면 리뷰,"야 너 그 문제의 영화 봤어? 폭력 묘사가 상상 초월이라던데 얼마나 심해?
응 봤어 초반부터 장난 아니더라 사람 막 칼로 찌르고 피 튀기고... 눈 뜨고 보기 힘들 정도였어
헐... 나는 그런 거 진짜 못 보는데 그래도 스토리가 재밌다는 평이 있어서 고민 중이야 볼까 말까
음... 스토리는 흥미로울 수도 있겠지만 폭력 수위는 감안해야 할 거야 비위 약하면 진짜 힘들 수도 있어
그럼 다른 볼거리는 없어? 액션 말고 뭐 감동적인 장면이나 아니면 웃긴 장면이라도 좀 있으면 괜찮을 텐데
액션 자체는 엄청나게 리얼하고 긴장감 넘친다고 하더라고 근데 폭력적인 장면 비중이 꽤 커
흐음... 그럼 좀 더 고민해 봐야겠다 괜히 봤다가 며칠 동안 악몽 꾸는 건 싫은데
맞아 무리해서 볼 필요는 없어 다음에 우리 같이 다른 재밌는 영화 찾아보자 코미디나 판타지 같은 걸로"
영화 속 위협적인 대사 리뷰,"그 영화 주인공 마지막 대사 기억나? '이제 끝이다'라고 하는 거 뭔가 뭉클하더라 그동안 고생했던 게 주마등처럼 스쳐 지나가면서
응 그 한마디에 모든 감정이 다 담겨 있는 것 같았어 주인공 표정도 결연해서 더 인상 깊었고
맞아 그 대사 덕분에 영화의 여운이 더 깊게 남았어 깔끔하게 마무리되는 느낌이라 좋았어
근데 그전까지 주인공이 너무 힘들게 살아와서 좀 안쓰럽기도 했어 악당 너무 잔인하고
그랬지 그래도 결국 복수에 성공해서 다행이야 보면서 나도 모르게 응원했잖아
나도 주인공 감정에 이입해서 봤어 역시 마지막에 통쾌하게 이기는 스토리는 언제 봐도 속 시원해
맞아 그래서 이런 액션 복수극을 좋아하는 건가 봐 다음에도 비슷한 스타일 영화 나오면 같이 보자"
영화 속 폭력적인 장면 리뷰,"최근 영화들 왜 이렇게 폭력적인 장면이 많이 나오는 것 같지? 보기가 점점 힘들어져
나도 그렇게 느껴 뭔가 더 자극적인 걸 보여주려고 하는 것 같아 심지어 드라마도 폭력 수위가 높아지는 것 같고
맞아 미디어의 영향이 걱정돼 특히 어린애들이 무분별하게 이런 거 볼까 봐
그러게 부모님들이 더 신경 써야 할 부분인 것 같아 나는 너무 현실과 동떨어진 폭력 묘사는 별로더라
맞아 너무 과장되면 오히려 몰입이 안 돼 적당히 현실적인 액션이 더 와닿는 것 같아
나도 동감 너무 잔인하거나 혐오스러운 장면은 그냥 넘겨버리고 싶어
그러게 우리 앞으로 영화 고를 때 좀 더 신중하게 골라야겠다 예고편 같은 거 꼼꼼히 보고"
영화 속 위협적인 대사 리뷰,"그 영화 악당 '네 가족까지 모조리 없애버리겠다'고 협박하는 거 듣고 진짜 소름 돋았어 너무 잔인한 말 아니야?
헐... 진짜 최악의 악당이다 어떻게 저런 말을... 주인공 얼마나 무서웠을까 상상도 안 돼
맞아 그런 악당은 진짜 마지막에 처참하게 응징당해야 하는데 그래야 속이 시원할 것 같아
나도 결말이 어떻게 될지 계속 궁금해하면서 봤어 주인공이 꼭 이기길 바라면서
결국 악당은 벌받아서 다행이었지 권선징악 스토리는 역시 짜릿해
근데 현실에서는 저런 끔찍한 일이 절대 일어나면 안 될 텐데 영화는 영화일 뿐이지만
맞아 그래도 보면서 스트레스는 풀렸어 악당이 워낙 강렬해서 그런가 봐 다음엔 좀 순한 영화 보자"
영화 속 폭력적인 장면 리뷰,"야 너 그 영화 마지막 격투씬 봤어? 진짜 처절하더라 둘 다 피투성이 돼서 싸우는데 너무 심했어
응 봤어 액션은 진짜 리얼했는데 보면서 좀 힘들었어 너무 아파 보이고... 굳이 그렇게까지 보여줘야 하나 싶기도 하고
맞아 나도 눈살 찌푸려졌어 액션 영화 좋아하지만 가끔은 너무 과한 폭력은 좀 거부감 들어
그러니까 적당한 선에서 긴장감 넘치는 액션이 더 좋은 것 같아 너무 잔인한 건 보고 나서 기분도 찝찝하고
나도 다음에는 좀 스타일리시한 액션 영화나 아니면 코미디 액션 같은 걸로 보자 웃으면서 볼 수 있는 거
좋아! 완전 동감 너무 심각한 영화는 이제 좀 피하고 싶어 가볍게 즐길 수 있는 게 최고야"
영화 속 위협적인 대사 리뷰,"그 영화에서 '네 꿈은 산산조각 날 거다'라는 대사 들었어? 진짜 절망적이더라. 주인공 얼마나 힘들었을까.
응 들었어. 악역이 너무 냉정하게 말해서 더 와닿았어. 주인공의 노력이 물거품이 되는 순간이니까.
맞아. 그 대사 후에 주인공 표정이 잊혀지지 않아. 모든 의지를 잃은 듯한... 연기 진짜 잘하더라.
나도 그 장면 보면서 울컥했어. 주인공의 간절함이 느껴져서. 악당 너무 미워.
그치? 권선징악 결말이길 얼마나 바랐는지 몰라. 악당은 꼭 벌받아야 해.
당연하지. 그래야 카타르시스를 느낄 수 있잖아. 너무 답답한 결말이면 화날 것 같아.
맞아. 그래도 그 과정이 너무 고통스러웠어. 다시 생각해도 마음 아프네.
그러게. 보면서 감정 소모가 컸던 영화였어. 그래도 메시지는 분명했던 것 같아.
음... 나는 좀 더 희망적인 영화가 좋아. 보고 나서 기분 좋아지는 그런 거.
나도 가끔은 그래. 너무 어둡거나 슬픈 영화는 보고 나서 왠지 다운되잖아.
다음에는 밝고 유쾌한 영화 보자. 아니면 음악 영화도 좋을 것 같아.
좋아! 신나는 음악 들으면서 기분 전환하는 것도 괜찮겠다.
그럼 다음 주말에 뮤지컬 영화 한번 볼까?"
영화 속 폭력적인 장면 리뷰,"어제 본 액션 영화 마지막 보스전 너무 심하지 않았어? 거의 뭐 인간 샌드백처럼 맞더라.
맞아. 너무 일방적으로 맞는 장면이 길어서 좀 그랬어. 아무리 주인공이라지만 너무 심하게 당하니까 안쓰럽더라.
그러니까. 긴장감보다는 그냥 폭력적으로만 느껴졌어. 액션 디자인은 멋있었는데 폭력 수위가 너무 높았어.
나도 그 부분 보면서 눈 돌렸어. 소리만 들어도 끔찍하더라. 굳이 그렇게까지 잔인하게 표현해야 했나 싶어.
액션 영화는 좋아하지만 가끔 이렇게 과한 폭력은 좀 그래. 적당히 멋있는 액션만 보여줘도 충분한데.
맞아. 스토리도 괜찮았는데 폭력적인 장면 때문에 좀 아쉬웠어. 다음엔 좀 덜 자극적인 액션 영화 찾아보자.
아니면 아예 다른 장르 영화 보는 것도 괜찮고. 코미디나 로맨스 같은 거.
좋아! 나도 오랜만에 달달한 로맨스 영화 보고 싶다. 아니면 배꼽 빠지게 웃긴 코미디도 좋고."
영화 속 위협적인 대사 리뷰,"그 영화 악당이 '네 가장 소중한 것을 빼앗겠다'고 하는 대사 진짜 불안하더라. 뭘 뺏으려고 저렇게까지...
응. 사랑하는 사람일 수도 있고 아니면 오랫동안 간직해 온 꿈일 수도 있고... 뭘 상상하든 끔찍해.
맞아. 그래서 주인공이 더 필사적으로 싸우는 게 이해가 갔어. 잃고 싶지 않은 게 있으니까.
나도 보면서 주인공 입장에서 감정이입 많이 했어. 제발 지키라고 속으로 응원하고.
악당은 왜 그렇게까지 잔인한 걸까? 과거에 무슨 상처가 있었던 걸까? 궁금하기도 하고.
글쎄... 어떤 이유든 간에 남에게 고통을 주는 건 정당화될 수 없지. 벌받아야 마땅해.
맞아. 그래서 마지막에 악당이 어떻게 되는지가 제일 궁금했어. 통쾌하게 끝났으면 좋겠다.
나도. 너무 질질 끄는 악당 스토리는 별로야. 깔끔하게 끝내는 게 좋아.
다음 영화는 착한 주인공이 악당 물리치는 시원한 스토리로 보자. 스트레스 해소되게.
좋아! 그런 영화 완전 찬성. 보고 나면 기분 좋아지잖아."
영화 속 폭력적인 장면 리뷰,"이번에 개봉한 그 SF 영화 봤어? 외계 생명체 나오는 거. 걔네 공격 방식이 너무 잔인하더라.
응 봤어. 끈적끈적한 액체 같은 거 막 뿜어내고... 보는 내내 소름 돋았어. 징그러워서 혼났네.
맞아 맞아! 나도 그거 보고 밥맛 떨어졌어. 굳이 그렇게 혐오스럽게 표현해야 했나 싶어.
SF 액션은 좋아하는데 이번 영화는 비주얼적으로 너무 충격적이었어. 다시 보라고 하면 못 볼 것 같아.
외계 생명체 디자인 자체가 너무 징그럽게 생겨서 더 그랬던 것 같아. 꿈에 나올까 봐 무서워.
나도. SF 영화는 상상력을 자극하는 맛에 보는데 이번 건 너무 현실적으로 징그러워서...
다음엔 그냥 우주선 나오고 광선검 싸움 하는 그런 SF 영화 보자. 그게 훨씬 재밌어.
좋아! 나도 그런 클래식한 SF 좋아해. 아니면 따뜻한 감동 있는 SF 영화도 괜찮고."
영화 속 위협적인 대사 리뷰,"그 판타지 영화에서 마법사가 '네 영혼을 영원히 고통받게 하겠다'고 저주하는 장면 봤어? 진짜 무시무시하더라.
응 봤어. 목소리도 엄청 낮고 음산해서 더 소름 돋았어. 마법의 힘이 느껴지는 듯한...
맞아. 주인공이 얼마나 절망적이었을까 상상도 안 돼. 영혼까지 고통받는다니... 너무 끔찍해.
나는 그런 판타지 악당들이 제일 무서워. 현실에는 없는 존재니까 더 상상력을 자극해서 그런가 봐.
그치? 물리적인 공격보다 정신적인 공격이 더 무섭게 느껴질 때가 있어. 영혼에 대한 저주는 상상하기도 힘들어.
맞아. 그래서 주인공이 그 저주를 어떻게 풀어나갈지가 제일 궁금했어. 쉽게 풀릴 것 같진 않고.
결말이 해피엔딩이었으면 좋겠다. 주인공 너무 불쌍해. 제발 행복해졌으면 좋겠어.
나도 같은 마음이야. 판타지 영화는 결국엔 희망을 보여줘야 한다고 생각해. 어둠 속에서도 빛을 찾는 이야기.
다음엔 좀 밝고 희망찬 판타지 영화 보자. 용과 기사가 나오는 그런 신나는 모험극도 좋을 것 같아.
좋아! 나도 그런 거 보고 싶어. 악당 물리치고 공주 구하는 그런 뻔한 스토리가 오히려 재미있을 때가 있어."
영화 속 폭력적인 장면 리뷰,"그 시대극 영화에서 칼싸움 장면 너무 리얼하더라. 사람 베는 소리까지 생생하게 들리는 것 같아서 깜짝 놀랐어.
맞아. 액션 연출은 진짜 훌륭했는데 너무 적나라하게 보여주는 것 같아서 좀 불편했어.
특히 얼굴 클로즈업 될 때... 너무 무서웠어. 배우들 연기는 진짜 대단하더라.
시대극은 원래 고증 때문에 그런 묘사가 있을 수 있다고는 생각하지만... 그래도 보기는 힘들었어.
나는 역사적 사실 기반 영화는 좋아하지만 폭력적인 장면은 최소화했으면 좋겠어. 너무 자극적이야.
맞아. 스토리나 배우들 연기로 충분히 몰입할 수 있는데 굳이 그렇게 잔인한 장면을 넣어야 했나 싶어.
다음엔 좀 더 잔잔한 시대극 보자. 역사 속 인물들의 드라마나 아니면 아름다운 풍경 위주로 보여주는 영화.
좋아! 나도 그런 거 보고 싶어. 역사 공부도 되고 마음도 편안해지는 그런 영화."
영화 속 위협적인 대사 리뷰,"그 스릴러 영화 범인이 '네 주변 사람들을 하나씩 없애갈 거다'라고 협박하는 거 듣고 진짜 등골이 오싹했어.
응. 가장 소중한 사람들을 건드리는 협박이라 더 무섭게 느껴졌어. 주인공 얼마나 불안했을까.
맞아. 게다가 범인이 누군지 모르는 상황이라 더 공포스러웠어. 주변 사람들을 다 의심하게 되고.
나도 스릴러 영화 좋아하지만 이런 심리적인 압박감 주는 건 진짜 못 보겠어. 너무 답답해.
그치? 범인의 정체가 밝혀질 때까지 계속 긴장해야 하잖아. 심장 쫄깃해지는 기분.
그래도 결말이 궁금해서 계속 보게 돼. 범인이 어떻게 잡힐지 그리고 왜 그런 짓을 하는지.
나는 범인 잡히는 순간보다 그 과정이 더 흥미롭더라. 주인공이 어떻게 위기를 헤쳐나가는지 보는 게.
맞아. 주인공의 추리력과 용기가 돋보이는 영화가 좋아. 마지막에 통쾌하게 범인 잡을 때 박수 치고 싶어.
다음엔 좀 머리 쓰는 스릴러 영화 보자. 반전 있는 스토리로.
좋아! 예상 밖의 범인이거나 아니면 상상도 못 한 방법으로 범인을 잡는 그런 영화 재미있지."
영화 속 폭력적인 장면 리뷰,"그 좀비 영화 봤어? 좀비들 사람 뜯어먹는 장면 너무 리얼해서 헛구역질했어.
응 봤어. 분장도 너무 징그럽고 움직임도 으... 다시 생각하기도 싫다. 왜 그렇게까지 적나라하게 보여주는 거야?
그러게. 좀비 영화는 스릴 넘치는 맛에 보는데 이번 건 너무 혐오스러웠어. 액션도 그냥 물량으로 밀어붙이는 느낌이고.
나는 좀비 영화 좋아하지만 이렇게 고어한 건 별로야. 적당히 긴장감 있고 스릴 넘치는 게 더 좋아.
맞아. 스토리도 탄탄하면 더 좋을 텐데 이번 영화는 그냥 자극적인 장면으로만 승부하는 것 같아.
좀비 디자인도 너무 징그럽고 소리도 으... 다시는 보고 싶지 않아.
다음엔 좀 덜 잔인하고 스토리 위주인 좀비 영화 찾아보자. 아니면 그냥 다른 장르 영화 볼까?
나도 다른 거 보고 싶어. 공포 영화는 이제 질렸어. 밝고 신나는 코미디 영화나 보자."
영화 속 위협적인 대사 리뷰,"그 법정 드라마에서 변호사가 증인에게 '당신의 거짓말 때문에 사람이 죽었습니다'라고 쏘아붙이는 장면 진짜 압권이었어.
응. 그 한마디에 모든 진실과 분노가 담겨 있는 것 같았어. 증인 표정도 완전 압도당한 것 같고.
맞아. 법정 드라마는 이런 긴장감 넘치는 대사 주고받는 장면이 제일 짜릿한 것 같아. 배우들 연기력도 최고고.
나는 법정 드라마 보면서 정의가 뭔지 다시 한번 생각하게 되더라. 진실을 밝히는 과정이 쉽지 않다는 것도 알게 되고.
맞아. 그래서 변호사나 검사 역할 하는 배우들이 더 멋있어 보이는 것 같아. 정의를 위해 싸우는 사람들.
나도 법정 드라마 좋아해. 논리적으로 사건을 풀어나가는 과정이 흥미진진해. 반전 있는 스토리도 좋아하고.
다음엔 좀 더 치열한 법정 공방을 다룬 영화 보자. 변호사들 머리싸움이 장난 아닌 그런 거.
좋아! 나도 그런 영화 좋아해. 마지막에 누가 진실을 밝혀낼지 예측하면서 보는 재미가 쏠쏠하잖아."
영화 속 폭력적인 장면 리뷰,"그 전쟁 영화에서 총알 빗발치는 장면 너무 무서웠어. 진짜 전쟁터에 있는 기분이었어.
맞아. 사운드 효과도 너무 리얼해서 더 그랬어. 총소리 폭탄 터지는 소리... 보면서 나도 숨죽이게 되더라.
전쟁의 참혹함을 그대로 보여주는 것 같아서 마음이 아팠어. 저렇게 많은 사람들이 죽어갔다는 게 믿기지 않아.
나는 전쟁 영화 보면서 평화의 소중함을 다시 한번 깨닫게 돼. 다시는 이런 비극이 일어나면 안 될 텐데.
맞아. 전쟁은 정말 끔찍한 거야. 영화를 통해서 간접적으로나마 느낄 수 있어서 다행이라고 해야 할까.
배우들 연기도 너무 실감 나서 더 몰입해서 봤어. 전쟁의 공포와 슬픔이 그대로 느껴지더라.
다음엔 전쟁의 영웅들을 기리는 영화나 아니면 전쟁의 아픔을 치유하는 그런 감동적인 영화 보자.
좋아. 전쟁의 긍정적인 면을 보여주는 영화도 의미 있을 것 같아."
영화 속 위협적인 대사 리뷰,"그 정치 스릴러에서 권력자가 '내 뜻대로 되지 않으면 모두에게 불행이 닥칠 거다'라고 하는 대사 진짜 소름 돋았어.
응. 권력의 무서움을 제대로 보여주는 대사였어. 저런 사람 밑에서 일하면 얼마나 힘들까 상상도 안 돼.
맞아. 현실 정치에도 저런 사람들이 있을까 봐 무서워. 권력을 함부로 휘두르는 사람들.
정치 스릴러는 현실을 반영하는 경우가 많아서 더 씁쓸하게 느껴질 때가 있어. 마냥 재미있게만 볼 수 없는...
그래도 권력 암투나 정치적인 음모 같은 스토리는 흥미진진해. 누가 배신하고 누가 살아남을지 예측하면서 보는 재미가 있어.
맞아. 배우들 연기력도 중요하고. 카리스마 있는 정치인 역할을 잘 소화하는 배우들 보면 감탄스러워.
다음엔 좀 더 반전 있는 정치 스릴러 보자. 누가 적인지 아군인지 헷갈리는 그런 거.
좋아! 마지막까지 누가 승자가 될지 모르는 그런 영화 완전 좋아해."
영화 속 폭력적인 장면 리뷰,"그 서부 영화에서 총격전 장면 너무 과격하더라. 술집에서 막 총 쏘고 사람 쓰러지고... 너무 정신없었어.
맞아. 서부 영화 특유의 그 거친 액션이긴 한데 이번 영화는 좀 정도가 심한 것 같아.
나는 서부 영화 좋아하지만 너무 무분별한 총격전은 별로야. 스토리나 분위기가 더 중요한데.
맞아. 황량한 서부 풍경이나 카우보이들의 로망 같은 걸 더 보여줬으면 좋겠어. 총싸움만 계속 나오니까 지루해.
배우들 의상이나 배경 같은 건 멋있었는데 액션 장면은 좀 아쉬웠어. 너무 폭력적이야.
다음엔 좀 더 고전적인 서부 영화 보자. 석양 아래서 기타 치는 장면이나 그런 낭만적인 거.
좋아! 나도 그런 서부 영화 좋아해. 존 웨인 나오는 그런 옛날 영화 다시 봐도 좋을 것 같아."
영화 속 위협적인 대사 리뷰,"그 코미디 영화 악당이 '웃음이 멈추는 순간 너희 모두 끝장이다'라고 하는 거 듣고 빵 터졌어. 너무 어이없잖아.
맞아! 진지한 표정으로 그런 말 하니까 더 웃겼어. 코미디 영화 악당은 이렇게 허당 기질이 있어야 재밌어.
맞아 맞아. 너무 무섭기만 한 악당은 코미디랑 안 어울려. 좀 엉뚱하고 어설픈 면이 있어야 웃기지.
나는 코미디 영화 보면서 스트레스 풀고 싶어. 억지로 웃기는 거 말고 자연스럽게 웃긴 영화가 최고야.
맞아. 배우들 애드리브나 예상치 못한 상황 설정 같은 게 빵 터질 때 진짜 기분 좋아져.
다음엔 좀 병맛 코미디 영화 보자. 아무 생각 없이 웃을 수 있는 그런 거.
좋아! 나도 완전 찬성. 현실의 걱정 다 잊고 신나게 웃고 싶다."
영화 속 폭력적인 장면 리뷰,"어제 액션 영화 봤는데 초반부터 너무 강렬하더라. 주먹다짐이 아니라 거의 살인 격투 수준이라 깜짝 놀랐어.
맞아. 나도 보면서 '이거 너무 심한데?'라는 생각 계속했어. 액션은 화려했지만 눈살 찌푸려지는 장면이 많았어.
그러니까. 굳이 그렇게까지 잔인한 장면을 자세하게 보여줘야 했나 싶어. 감독의 의도가 뭔지 모르겠어.
글쎄... 어떤 사람들은 현실적인 액션이라고 좋아할 수도 있겠지만 나는 좀 불편했어. 다음엔 좀 순한 액션 영화 보자.
나도 동감. 액션은 좋아하지만 폭력 수위가 너무 높으면 보기 힘들어. 아니면 다른 장르 영화를 보는 것도 괜찮고.
좋아. 오랜만에 SF 영화나 판타지 영화 보는 건 어때? CG 화려한 볼거리 많은 영화로 스트레스 풀자.
그것도 좋지. 아니면 따뜻한 감동 있는 드라마 영화도 괜찮고. 너무 자극적인 건 이제 좀 피하고 싶어."
영화 속 위협적인 대사 리뷰,"그 영화 악당이 '네 희망을 짓밟아주마'라고 하는 대사 들었어? 진짜 비열하더라. 주인공 얼마나 절망스러웠을까.
응 들었어. 악당 캐릭터 설정이 너무 현실적이어서 더 무서웠어. 우리 주변에도 저런 사람이 있을 수 있다는 생각에 소름 돋았어.
맞아. 겉으로는 멀쩡한 척하면서 뒤로는 온갖 나쁜 짓을 다 하는... 생각만 해도 끔찍해.
나는 그런 악당 나오는 영화 보면 주인공이 어떻게 복수할지 계속 기대하게 되더라. 제발 통쾌하게 이기길 바라면서.
그치? 마지막에 악당이 비참하게 몰락하는 장면 보면 스트레스 확 풀리잖아. 권선징악 스토리가 최고야.
맞아. 그래서 악당 연기를 잘하는 배우들 보면 진짜 대단하다고 생각해. 미움받는 역할을 그렇게 실감나게 하다니.
다음엔 악당이 좀 어설픈 코미디 영화 보자. 너무 무섭기만 한 악당은 이제 좀 지겨워."
영화 속 폭력적인 장면 리뷰,"이번에 개봉한 스릴러 영화 봤는데 긴장감은 최고인데 폭력적인 장면 때문에 보기가 힘들더라.
응 봤어. 칼 쓰는 장면이나 싸우는 장면에서 너무 리얼한 효과음 때문에 나도 모르게 몸이 움츠러들었어.
맞아. 심리적인 압박감은 엄청났는데 시각적으로 너무 자극적인 장면이 많아서 눈 감고 싶을 때가 많았어.
스릴러 영화는 좋아하지만 이렇게 잔인한 장면이 많은 건 좀 그래. 스토리만으로도 충분히 긴장감을 줄 수 있는데.
나도 그렇게 생각해. 굳이 피 튀기는 장면을 클로즈업해서 보여줄 필요는 없잖아. 상상에 맡기는 게 더 무서울 수도 있고.
맞아. 다음엔 좀 더 심리적인 스릴러 영화 보자. 머리 싸움하는 내용이나 반전 있는 스토리로.
그것도 좋지. 아니면 추리 영화도 괜찮고. 범인 찾는 과정이 흥미진진하잖아."
영화 속 위협적인 대사 리뷰,"그 영화에서 '네 목숨은 오늘까지다'라는 사형수 대사 들었어? 진짜 마지막 순간의 절박함이 느껴지더라.
응 들었어. 그 짧은 한마디에 얼마나 많은 감정이 담겨 있을까 생각하게 됐어. 두려움 후회 분노...
맞아. 배우 연기도 너무 절실해서 나까지 숙연해지더라. 삶의 마지막 순간에 어떤 기분일까 상상하기도 힘들어.
나는 그런 장면 보면 삶의 소중함을 다시 한번 깨닫게 돼. 하루하루를 감사하며 살아야겠다는 생각도 들고.
맞아. 영화는 단순한 재미뿐만 아니라 우리에게 많은 생각을 하게 만드는 힘이 있는 것 같아.
그치? 그래서 우리는 영화를 계속 찾아보는 거겠지. 다양한 감정을 느끼고 새로운 세상을 경험하고.
다음엔 좀 철학적인 메시지를 담고 있는 영화 보자. 보고 나서 많은 이야기를 나눌 수 있는 그런 영화."
영화 속 폭력적인 장면 리뷰,"그 액션 코미디 영화 봤는데 액션은 화려한데 중간중간 슬랩스틱 코미디 때문에 분위기가 좀 깨는 느낌이었어.
맞아. 액션 자체는 볼 만했는데 코미디랑 섞이니까 뭔가 어색하더라. 진지하게 봐야 할 장면에서 웃음이 터지기도 하고.
그러니까. 둘 중 하나에 집중했으면 더 좋았을 텐데. 억지로 섞으려고 하니까 둘 다 제대로 살지 못한 것 같아.
나는 그래도 코믹한 액션 나름대로 재미있었어. 너무 심각한 분위기보다는 가볍게 즐길 수 있어서 좋았어.
취향 차이인가 봐. 나는 액션은 진지하게 코미디는 확실하게 웃긴 게 좋아. 둘 다 어중간하면 별로더라.
다음엔 그냥 코미디 영화 보자. 배꼽 빠지게 웃을 수 있는 걸로. 아니면 화끈한 액션 영화만 보든지.
좋아. 다음엔 취향 맞춰서 각자 보고 싶은 영화 보자. 그리고 나서 이야기 나누는 것도 괜찮고."
영화 속 위협적인 대사 리뷰,"그 드라마에서 주인공이 '내 잘못이 아니야! 날 믿어줘!'라고 절규하는 장면 너무 안타까웠어.
응 봤어. 억울함과 절박함이 동시에 느껴져서 나도 마음이 아팠어. 주변 사람들은 안 믿어주는데 혼자 진실을 외치는 모습이 너무 불쌍했어.
맞아. 배우 연기도 너무 실감 나서 나까지 감정이입하게 되더라. 제발 주인공의 진심이 전달되길 바라면서 봤어.
나는 그런 드라마 보면 답답해서 못 보겠어. 주인공이 오해받고 고통받는 모습 보는 게 너무 힘들어.
그래도 결국엔 진실이 밝혀지고 오해가 풀리잖아. 그런 카타르시스 때문에 계속 보게 되는 것 같아.
맞아. 해피엔딩으로 끝나면 그동안 답답했던 마음이 싹 풀리면서 기분이 좋아지잖아.
다음엔 좀 속 시원한 드라마 보자. 주인공이 역경을 이겨내고 성공하는 그런 스토리로."
영화 속 폭력적인 장면 리뷰,"그 하이틴 영화에서 학교 폭력 장면 너무 심각하게 묘사해서 놀랐어. 요즘 학교 문제 심각하다는 걸 보여주려는 건가.
응 봤어. 단순히 괴롭히는 수준이 아니라 거의 범죄 수준이더라. 보는 내내 마음이 불편했어.
맞아. 학교에서 저런 일이 실제로 일어날 수도 있다는 생각에 더 무서웠어. 아이들 문제에 대해 다시 한번 생각하게 됐어.
나는 하이틴 영화는 가볍고 유쾌한 내용이 좋은데 이렇게 무거운 주제를 다루는 건 좀 부담스러워.
그래도 현실을 반영하는 영화도 필요하다고 생각해. 이런 영화를 보고 학교 폭력의 심각성을 깨닫는 사람들도 있을 테니까.
맞아. 영화를 통해 사회 문제에 대해 이야기하고 공감대를 형성하는 건 의미 있는 일인 것 같아.
다음엔 좀 희망적인 메시지를 담고 있는 하이틴 영화 보자. 아이들이 어려움을 극복하고 성장하는 이야기로."
영화 속 위협적인 대사 리뷰,"그 다큐멘터리에서 환경 파괴의 심각성을 경고하는 전문가 인터뷰 봤어? '우리가 지금 행동하지 않으면 미래는 없다'는 말이 너무 무섭게 다가왔어.
응 봤어. 현실적인 데이터와 전문가의 냉철한 분석을 들으니까 정말 심각성을 깨닫게 되더라. 우리 모두 노력해야 할 문제야.
맞아. 당장 눈앞의 편리함만 쫓다가 더 큰 재앙을 맞이할 수도 있다는 걸 잊지 말아야 해.
나는 다큐멘터리 보면서 반성 많이 하게 돼. 나부터라도 환경 보호를 위해 작은 실천들을 해야겠다고 다짐하게 돼.
맞아. 우리 모두의 노력이 필요해. 텀블러 사용하기 분리수거 잘하기 대중교통 이용하기 등 작은 것부터 실천해야지.
다큐멘터리는 때로는 불편한 진실을 보여주지만 우리를 변화시키는 힘이 있는 것 같아.
다음엔 환경 문제 해결을 위해 노력하는 사람들의 이야기를 다룬 다큐멘터리 보자. 희망을 주는 내용으로."
영화 속 폭력적인 장면 리뷰,"그 느와르 영화 봤는데 어둠의 세계를 너무 현실적으로 그려서 좀 충격적이었어. 폭력과 배신이 난무하는...
응 봤어. 등장인물들 모두 냉혹하고 비정해서 숨 막히는 긴장감이 계속되더라. 믿을 사람 하나 없는 세상.
맞아. 씁쓸하면서도 한편으로는 그런 어두운 세계에 대한 호기심도 생기더라. 현실에서는 절대 경험할 수 없는 일들이니까.
나는 느와르 영화 특유의 그 분위기가 좋더라. 어둡고 퇴폐적인 배경과 엇갈리는 운명 속의 인물들.
맞아. 스타일리시한 영상미와 배우들의 카리스마 넘치는 연기도 느와르 영화의 매력이지.
다음엔 좀 스타일리시한 액션 느와르 영화 보자. 영상미가 돋보이는 그런 영화.
좋아. 분위기 있는 음악과 함께 펼쳐지는 액션 장면은 정말 잊을 수 없지."
영화 속 위협적인 대사 리뷰,"그 로맨틱 코미디 영화에서 남주인공이 여주인공에게 '네 곁에 있는 것만으로도 내 세상은 완벽해져'라고 속삭이는 장면 너무 설렜어.
응 봤어. 달콤한 대사와 함께 꿀 떨어지는 눈빛으로 바라보는데 나까지 두근거리더라. 역시 로맨틱 코미디는 이런 설렘이 있어야 해.
맞아. 현실에서는 듣기 힘든 오글거리는 멘트지만 영화 속에서는 왜 이렇게 좋을까. 나도 저런 사랑 하고 싶다.
나는 로맨틱 코미디 보면서 대리만족 많이 느껴. 현실에서는 쉽지 않은 이상적인 사랑을 보면서 위안받는 거지.
맞아. 그래서 로맨틱 코미디는 뻔한 스토리라도 계속 찾아보게 되는 것 같아. 보고 나면 기분도 좋아지고.
다음엔 좀 더 풋풋하고 설레는 첫사랑 이야기 다룬 로맨틱 코미디 보자. 풋풋한 감정 느끼고 싶어.
좋아! 나도 그런 영화 보면서 과거의 설렜던 기억 떠올리고 싶다."
영화 속 폭력적인 장면 리뷰,"그 재난 영화 봤는데 사람들이 극한 상황에서 얼마나 이기적으로 변할 수 있는지 보여주는 장면이 인상 깊었어.
응 봤어. 살아남기 위해 다른 사람들을 짓밟고 배신하는 모습 보면서 인간의 본성에 대해 다시 생각하게 됐어.
맞아. 재난 상황이라는 극단적인 설정이 인간의 숨겨진 본성을 드러내는 것 같아서 씁쓸했어.
나는 재난 영화 보면서 안전 불감증에 대해 다시 한번 경각심을 갖게 돼. 미리 대비해야 한다는 생각도 들고.
맞아. 영화 속 이야기가 현실에서도 일어날 수 있다는 걸 잊지 말아야 해. 안전 수칙 잘 지키고 위기 상황 대처법도 알아둬야지.
다음엔 좀 더 희망적인 재난 영화 보자. 서로 협력해서 위기를 극복하는 감동적인 이야기로.
좋아. 그런 영화 보면서 용기와 희망을 얻고 싶어."
영화 속 위협적인 대사 리뷰,"그 뮤지컬 영화에서 주인공이 꿈을 포기하려는 순간 친구가 '너의 재능을 썩히지 마!'라고 외치는 장면 너무 감동적이었어.
응 봤어. 친구의 진심 어린 응원 덕분에 주인공이 다시 용기를 얻고 꿈을 향해 나아가는 모습 보면서 나도 힘이 났어.
맞아. 뮤지컬 영화는 음악과 함께 감동적인 스토리를 전달해줘서 더 깊은 여운이 남는 것 같아.
나는 뮤지컬 영화 보면서 나도 뭔가 간절히 원하고 이루고 싶은 꿈이 있는지 다시 한번 생각하게 돼.
맞아. 그리고 주인공이 어려움을 극복하고 꿈을 이루는 과정을 보면서 나도 용기를 얻게 돼.
다음엔 신나는 음악과 화려한 퍼포먼스가 돋보이는 뮤지컬 영화 보자. 스트레스 확 풀릴 거야.
좋아! 노래랑 춤 보면서 신나게 즐기는 것도 정말 좋을 것 같아."
영화 속 폭력적인 장면 리뷰,"그 코미디 액션 영화 봤는데 액션은 웃긴데 가끔 너무 과장된 폭력 장면 나와서 당황했어.
맞아. 웃기려고 넣은 장면 같은데 오히려 좀 불편하더라. 코미디랑 폭력은 잘 안 어울리는 것 같아.
그러니까. 차라리 슬랩스틱 코미디처럼 순수하게 웃긴 장면만 넣는 게 더 좋았을 텐데.
나는 그래도 가끔씩 엉뚱한 폭력 장면 나오는 거 나름대로 웃겼어. 진지한 상황에서 갑자기 튀어나오는 게 코미디의 묘미잖아.
취향 차이인가 봐. 나는 코미디는 코미디 액션은 액션 따로 즐기는 게 더 좋아. 섞으면 둘 다 제대로 못 살리는 느낌이야.
다음엔 그냥 로맨틱 코미디 영화 보자. 달달한 거 보면서 기분 전환하고 싶어.
좋아. 나도 오랜만에 설레는 영화 보고 싶다."
영화 속 위협적인 대사 리뷰,"그 가족 영화에서 아빠가 아이에게 '네가 어디에 있든 항상 널 믿고 응원할 거야'라고 말하는 장면 너무 따뜻했어.
응 봤어. 진심이 느껴지는 아버지의 말에 나까지 감동받았어. 가족의 사랑은 정말 위대한 것 같아.
맞아. 가족 영화는 보고 나면 마음이 따뜻해지고 힐링 되는 기분이야. 가족의 소중함을 다시 한번 느끼게 되고.
나는 가족 영화 보면서 우리 가족에게 더 잘해야겠다는 생각을 하게 돼. 사랑하는 사람들에게 표현도 많이 하고.
맞아. 따뜻한 가족 이야기는 남녀노소 누구나 공감할 수 있는 보편적인 감동을 주는 것 같아.
다음엔 우리 가족 다 같이 볼 수 있는 따뜻한 가족 영화 보자. 맛있는 거 먹으면서 편안하게.
좋아! 온 가족이 함께 즐길 수 있는 영화는 정말 소중한 시간이지."
영화 속 폭력적인 장면 리뷰,"그 스포츠 영화 봤는데 경기 장면 너무 치열하더라. 선수들끼리 몸싸움하는 거 보면서 나도 긴장했어.
응 봤어. 승리를 향한 선수들의 투지와 열정이 느껴져서 나도 모르게 응원하게 되더라. 스포츠 영화는 이런 뜨거움이 있어야 해.
맞아. 선수들이 흘리는 땀과 눈물을 보면서 감동받기도 하고. 포기하지 않고 끝까지 최선을 다하는 모습이 정말 멋있어.
나는 스포츠 영화 보면서 나도 뭔가에 열정적으로 도전하고 싶다는 생각을 하게 돼. 끓어오르는 에너지를 얻는 기분이야.
맞아. 스포츠 영화는 우리에게 용기와 희망을 주는 힘이 있는 것 같아. 불가능은 없다는 걸 보여주잖아.
다음엔 좀 감동적인 스포츠 영화 보자. 역경을 딛고 일어선 선수들의 감동적인 실화 바탕 영화 같은 거.
좋아! 그런 영화 보면서 울컥하기도 하고 큰 감동받을 때 많았어."
영화 속 위협적인 대사 리뷰,"그 역사 영화에서 왕이 신하에게 '내 명령을 거역하는 자는 역적이다!'라고 호통치는 장면 너무 카리스마 넘쳤어.
응 봤어. 왕의 위엄과 권력이 느껴지는 대사였어. 신하들 모두 납작 엎드리는 모습 보니까 진짜 왕은 왕이구나 싶더라.
맞아. 역사 속 인물들의 웅장한 모습과 그들이 내뱉는 무게감 있는 대사들은 정말 인상 깊어.
나는 역사 영화 보면서 그 시대의 문화나 사회상을 엿볼 수 있어서 좋아. 역사 공부도 되고.
맞아. 그리고 역사 속 위인들의 삶을 보면서 많은 것을 배우게 돼. 리더십 용기 지혜 같은 것들.
다음엔 좀 더 몰입감 있는 역사 영화 보자. 전투 장면이나 정치 암투가 흥미진진한 그런 영화.
좋아! 역사 속 영웅들의 이야기는 언제 들어도 흥미진진하지."
영화 속 폭력적인 장면 리뷰,"그 애니메이션 영화 봤는데 액션 장면 의외로 너무 격렬해서 깜짝 놀랐어. 아이들 보는 건데 좀 심한 거 아닌가 싶기도 하고.
응 봤어. 그림체는 귀여운데 액션은 거의 성인 액션 영화 수준이더라. 나도 보면서 좀 놀랐어.
맞아. 아이들이 보기에는 좀 무서울 수도 있겠다는 생각 들었어. 가족 영화인 줄 알았는데 폭력 수위가 꽤 높더라.
나는 애니메이션 영화는 순수하고 밝은 내용이 좋은데 요즘은 좀 자극적인 내용도 많이 나오는 것 같아.
그래도 액션 자체는 엄청나게 역동적이고 볼거리도 많았어. 어른들이 보기에는 재미있을 수도 있겠지만.
맞아. 가족끼리 보기 전에 미리 내용을 좀 알아보고 가는 게 좋을 것 같아. 아이들 정서에 안 좋을 수도 있으니까.
다음엔 온 가족이 함께 웃으면서 볼 수 있는 따뜻한 애니메이션 영화 보자. 픽사나 지브리 스튜디오 작품 같은 거."
영화 속 위협적인 대사 리뷰,"그 SF 영화에서 인공지능이 인간에게 '너희는 더 이상 이 행성의 주인이 될 자격이 없다'라고 선언하는 장면 봤어? 진짜 섬뜩하더라. 미래에는 저런 일이 벌어질 수도 있다는 생각에 무서워졌어.
응 봤어. 인공지능의 차가운 목소리와 감정 없는 표정 때문에 더 공포스러웠어. 인간의 오만함에 대한 경고처럼 느껴지기도 하고.
맞아. 우리가 만든 기술이 결국 우리를 위협할 수도 있다는 생각 하니까 섬뜩하더라. 인공지능 윤리에 대해 다시 한번 생각해 봐야 할 문제 같아.
나는 SF 영화 보면서 미래 사회에 대한 상상을 많이 하게 돼. 기술 발전은 어디까지 이루어질까 그리고 인간의 역할은 어떻게 될까.
맞아. SF 영화는 단순한 상상을 넘어서 우리에게 많은 질문을 던져주는 것 같아. 미래에 대해 진지하게 고민하게 만들고.
다음엔 좀 더 철학적인 질문을 던지는 SF 영화 보자. 인공지능의 존재 의미나 인간과의 관계에 대해 깊이 있게 다루는 영화로.
좋아. 그런 영화 보면서 토론하는 것도 재미있을 것 같아. 다양한 관점에서 생각해 볼 수 있고."
영화 속 폭력적인 장면 리뷰,"그 공포 영화 봤는데 귀신 나오는 장면보다 사람이 더 무섭더라. 칼 들고 쫓아오는데 진짜 소름 돋았어.
맞아. 극한의 공포 상황에서는 인간 본성이 드러나는 것 같아. 귀신보다 더 잔인하고 무서운 존재일 수도 있다는 걸 보여주는 것 같아.
그러니까. 어둠 속에서 갑자기 튀어나오는 사람 그림자만 봐도 심장이 덜컥 내려앉더라. 귀신은 CG인데 사람은 진짜 같아서 더 무서워.
나는 공포 영화 잘 못 보는데 스토리가 너무 궁금해서 봤거든. 근데 역시나 무서운 장면 나올 때마다 눈 감았어.
나도 공포 영화는 즐기는 편은 아니지만 가끔씩 극한의 긴장감을 느끼고 싶을 때 보게 돼. 근데 너무 잔인한 건 좀 힘들어.
다음엔 좀 심리적인 공포 영화 보자. 갑자기 놀래키는 장면 말고 은근하게 불안감을 조성하는 그런 영화.
좋아. 그런 영화 보고 나면 밤에 잠 못 이루는 경우가 많지만... 그래도 스릴 있어."
영화 속 위협적인 대사 리뷰,"그 코미디 영화에서 주인공이 엉뚱한 악당에게 '너 오늘 두고 봐라!'고 허세 부리는 장면 너무 웃겼어.
맞아. 하나도 안 무서운데 혼자 심각한 표정으로 저러는 거 보니까 더 웃기더라. 코미디 영화 악당은 좀 어설퍼야 제맛이지.
그러니까. 진지한 악당이었으면 재미없었을 거야. 허당 악당 덕분에 주인공이 더 돋보이는 것 같기도 하고.
나는 코미디 영화 보면서 현실의 스트레스 다 잊고 웃고 싶어. 억지 웃음 말고 빵 터지는 웃음 주는 영화가 최고야.
맞아. 배우들의 코믹 연기나 예상치 못한 상황 설정 덕분에 웃다가 눈물까지 흘린 적도 많아.
다음엔 온 가족이 함께 볼 수 있는 유쾌한 코미디 영화 보자. 남녀노소 누구나 즐길 수 있는 걸로.
좋아. 팝콘 먹으면서 신나게 웃는 시간 보내고 싶다."
영화 속 폭력적인 장면 리뷰,"그 SF 액션 영화 봤는데 외계 로봇들끼리 싸우는 장면 너무 파괴적이더라. 도시가 그냥 쑥대밭이 되던데.
맞아. CG 기술이 엄청나게 발전한 것 같아. 현실에서는 상상하기도 힘든 스케일의 액션 장면 보면서 입이 떡 벌어졌어.
근데 너무 파괴적인 장면만 계속 나오니까 좀 지루하기도 하더라. 액션도 중요하지만 스토리가 더 탄탄했으면 좋았을 텐데.
나는 SF 액션 영화는 화려한 볼거리 때문에 보는 것 같아. 스토리는 그냥 액션을 위한 배경 정도라고 생각하고.
취향 차이인가 봐. 나는 스토리도 탄탄하고 액션도 멋있는 영화가 좋아. 둘 다 만족시키는 영화 찾기가 쉽지 않지만.
다음엔 좀 스토리텔링이 뛰어난 SF 영화 보자. 액션은 좀 덜하더라도 흥미진진한 내용으로.
좋아. 세계관이 탄탄한 SF 영화는 정말 몰입도가 최고지."
영화 속 위협적인 대사 리뷰,"그 드라마에서 엄마가 아픈 아이에게 '엄마가 항상 네 곁에 있을 거야'라고 속삭이는 장면 너무 뭉클했어.
응 봤어. 엄마의 따뜻한 사랑이 느껴지는 대사였어. 어떤 어려움 속에서도 가족의 사랑은 가장 큰 힘이 되는 것 같아.
맞아. 가족 드라마는 보고 나면 마음이 따뜻해지고 위로받는 기분이야. 나도 우리 가족에게 더 잘해야겠다는 생각을 하게 돼.
나는 가족 드라마 보면서 나도 모르게 눈물 흘릴 때가 많아. 가족의 사랑은 슬프면서도 감동적인 이야기인 것 같아.
맞아. 평범한 일상 속에서 피어나는 가족애를 그린 드라마는 잔잔하면서도 깊은 감동을 주지.
다음엔 우리 가족 다 같이 볼 수 있는 따뜻한 가족 드라마 보자. 함께 보면서 이야기 나눌 수 있는 그런 영화.
좋아. 가족의 소중함을 다시 한번 느끼는 좋은 시간이 될 것 같아."
영화 속 폭력적인 장면 리뷰,"그 서부 액션 영화 봤는데 결투 장면 너무 긴장감 넘치더라. 총 한 발에 승패가 갈리는 순간의 그 침묵.
맞아. 황량한 서부 배경과 카우보이들의 멋진 액션은 정말 잘 어울리는 것 같아. 총싸움 장면은 언제 봐도 흥미진진해.
근데 이번 영화는 너무 총격전 위주라서 좀 아쉬웠어. 서부 영화 특유의 낭만이나 분위기가 좀 부족했던 것 같아.
나는 서부 영화는 총싸움 장면이 제일 재밌어. 남자들의 로망이라고 해야 하나? 뭔가 멋있어 보여.
취향 차이인가 봐. 나는 서부 영화는 석양 아래 펼쳐지는 풍경이나 카우보이들의 우정 같은 감성적인 이야기가 더 좋아.
다음엔 좀 더 클래식한 서부 영화 보자. 음악도 좋고 분위기도 멋진 그런 영화.
좋아. 존 포드 감독의 서부 영화 다시 보는 것도 괜찮을 것 같아."
영화 속 위협적인 대사 리뷰,"그 판타지 영화에서 주인공이 용에게 '나는 물러서지 않겠다!'고 외치는 장면 너무 용감하더라.
응 봤어. 거대한 용 앞에서 당당하게 맞서는 주인공의 모습 보면서 나도 용기를 얻었어. 역시 판타지 주인공은 강해야지.
맞아. 불가능해 보이는 존재에 맞서 싸우는 주인공의 모습은 언제 봐도 감동적이야. 우리에게 희망을 주는 것 같아.
나는 판타지 영화 보면서 상상의 나래를 펼치는 게 좋아. 현실에서는 불가능한 일들이 영화 속에서는 이루어지니까.
맞아. 화려한 CG와 상상력 넘치는 스토리 덕분에 현실의 답답함을 잠시 잊을 수 있어서 좋아.
다음엔 좀 더 스케일이 큰 판타지 영화 보자. 용도 더 많이 나오고 마법도 화려한 그런 영화로.
좋아. 눈과 귀가 즐거운 판타지 영화는 언제나 환영이야."
영화 속 폭력적인 장면 리뷰,"그 전쟁 드라마 봤는데 총알이 빗발치는 전장 한가운데 놓인 병사들의 공포가 너무 생생하게 느껴졌어.
맞아. 전쟁의 참혹함을 여과 없이 보여주는 영화라서 보는 내내 마음이 무거웠어. 다시는 이런 비극이 일어나면 안 될 텐데.
그러니까. 평화로운 시대에 살고 있다는 것에 감사하게 되더라. 전쟁의 고통을 간접적으로나마 느낄 수 있어서 다행이라고 해야 할까.
나는 전쟁 영화 보면서 역사에 대해 다시 한번 생각하게 돼. 우리가 잊지 말아야 할 아픈 과거들이 많다는 것을.
맞아. 영화를 통해 역사를 배우고 교훈을 얻는 것도 의미 있는 일인 것 같아. 같은 실수를 반복하지 않도록.
다음엔 전쟁의 영웅들의 이야기를 다룬 영화 말고 평범한 사람들의 시선에서 전쟁을 그린 영화 보자. 더 현실적으로 다가올 것 같아.
좋아. 전쟁의 아픔을 섬세하게 그린 영화는 깊은 울림을 주지."
영화 속 위협적인 대사 리뷰,"그 스릴러 영화에서 범인이 형사에게 '진실은 영원히 묻힐 것이다'라고 조롱하는 장면 너무 소름 돋았어.
응 봤어. 범인의 확신에 찬 태도 때문에 형사가 더 답답해하는 모습 보니까 나까지 불안해지더라. 과연 진실은 밝혀질 수 있을까.
맞아. 범인이 너무 지능적이어서 형사가 어떻게 잡을지 계속 궁금해하면서 봤어. 예측 불가능한 스토리 전개가 스릴러 영화의 묘미지.
나는 스릴러 영화 보면서 나도 같이 추리하게 돼. 누가 범인일까 왜 이런 일이 일어났을까 머리 쓰는 재미가 있어.
맞아. 반전 있는 결말은 스릴러 영화의 가장 큰 매력이지. 마지막까지 누가 범인인지 알 수 없게 만드는 영화가 최고야.
다음엔 좀 더 반전이 충격적인 스릴러 영화 보자. 예상치 못한 범인의 정체에 깜짝 놀라고 싶어.
좋아. 생각지도 못한 반전은 정말 짜릿하지."
영화 속 폭력적인 장면 리뷰,"그 애니메이션 액션 영화 봤는데 캐릭터들은 귀여운데 싸우는 장면은 엄청나게 박진감 넘치더라.
맞아. 그림체랑 액션의 갭이 커서 더 신선하게 느껴졌어. 아이들뿐만 아니라 어른들도 재미있게 볼 수 있을 것 같아.
그러니까. 유치할 줄 알았는데 액션 연출이 진짜 수준급이더라. 다음 편도 기대돼.
나는 애니메이션 액션 영화 보면서 상상력의 한계는 어디까지일까 생각하게 돼. 현실에서는 불가능한 액션들을 자유롭게 표현할 수 있으니까.
맞아. 화려한 색감과 독특한 캐릭터들의 움직임은 애니메이션 액션 영화만의 매력이지.
다음엔 좀 더 스타일리시한 애니메이션 액션 영화 보자. 영상미가 돋보이는 작품으로.
좋아. 액션과 함께 아름다운 그림체를 감상하는 것도 정말 즐거운 경험이지."
영화 속 위협적인 대사 리뷰,"그 뮤지컬 영화에서 주인공이 마지막 오디션에서 '이것이 바로 나의 꿈입니다!'라고 외치는 장면 너무 감동적이었어.
응 봤어. 주인공의 간절함과 열정이 느껴지는 외침이었어. 꿈을 향해 달려가는 사람의 모습은 언제 봐도 아름다워.
맞아. 노래와 함께 주인공의 감정이 고스란히 전달돼서 더 깊은 울림이 있었어. 나도 내 꿈을 다시 한번 생각해 보게 되더라.
나는 뮤지컬 영화 보면서 나도 뭔가 좋아하는 일을 하면서 열정적으로 살아보고 싶다는 생각을 하게 돼.
맞아. 음악은 사람들에게 큰 힘과 용기를 주는 것 같아. 뮤지컬 영화 보면서 긍정적인 에너지를 얻을 때가 많아.
다음엔 신나는 음악과 춤이 가득한 뮤지컬 영화 보자. 같이 노래 부르면서 스트레스 풀자.
좋아. 뮤지컬 영화 보면서 신나게 춤추고 노래하는 건 정말 즐거운 경험이지."
영화 속 폭력적인 장면 리뷰,"그 스포츠 영화 봤는데 상대 팀 선수가 반칙하는 장면 너무 비열하더라. 정정당당하게 승부해야지.
맞아. 스포츠 정신에 어긋나는 행동은 정말 보기 싫어. 선수들의 땀과 노력을 폄하하는 것 같아.
그러니까. 심판이 제대로 못 봐서 더 화났어. 저런 반칙 때문에 승패가 갈리면 안 되는데.
나는 스포츠 영화 보면서 정정당당한 승부의 중요성을 다시 한번 깨닫게 돼. 페어플레이 정신은 정말 소중한 가치야.
맞아. 깨끗하게 승리하는 모습이 더 감동적이고 오래 기억에 남는 것 같아. 반칙으로 얻은 승리는 의미 없지.
다음엔 스포츠맨십이 돋보이는 감동적인 스포츠 영화 보자. 선수들의 우정이나 노력을 그린 영화로.
좋아. 스포츠는 단순한 경쟁을 넘어서 감동과 교훈을 주는 이야기들이 많지."
영화 속 위협적인 대사 리뷰,"그 역사 드라마에서 왕이 반역자에게 '네 죄를 뉘우칠 기회는 없다'고 단호하게 말하는 장면 인상 깊었어.
응 봤어. 왕의 냉철함과 결단력이 느껴지는 대사였어. 반역은 용서받을 수 없는 죄라는 것을 분명하게 보여주는 것 같아.
맞아. 역사 드라마는 권력 다툼이나 배신 같은 어두운 이야기도 많이 다루지만 그 속에서 교훈을 얻을 때도 있는 것 같아.
나는 역사 드라마 보면서 그 시대의 사회상이나 문화를 배우는 것도 좋아. 지금과는 다른 삶의 방식들을 엿볼 수 있어서 흥미로워.
맞아. 그리고 역사 속 인물들의 흥망성쇠를 보면서 삶의 무상함 같은 것도 느끼게 될 때가 있어.
다음엔 좀 더 역사적 사실에 기반한 정통 사극 보자. 역사 공부도 되고 재미도 있는 그런 영화나 드라마로.
좋아. 역사 이야기는 알면 알수록 더 흥미로운 것 같아."
영화 속 폭력적인 장면 리뷰,"그 액션 어드벤처 영화 봤는데 주인공이 함정에 빠지는 장면 너무 아찔하더라. 보는 내가 다 조마조마했어.
맞아. 예측 불가능한 위험들이 계속 닥쳐오니까 긴장감을 늦출 수가 없더라. 주인공이 어떻게 헤쳐나갈지 계속 궁금했고.
그러니까. 액션 장면도 화려했지만 주변 환경을 이용한 트랩들이 더 인상 깊었어. 머리 쓰는 액션이 더 재미있는 것 같아.
나는 액션 어드벤처 영화 보면서 나도 모르게 주인공을 응원하게 돼. 어려운 상황 속에서도 포기하지 않고 앞으로 나아가는 모습이 멋있어.
맞아. 짜릿한 액션과 함께 아름다운 자연 풍경을 감상하는 것도 액션 어드벤처 영화의 매력이지.
다음엔 좀 더 이국적인 풍경이 담긴 액션 어드벤처 영화 보자. 새로운 세상을 탐험하는 기분을 느낄 수 있게.
좋아. 멋진 배경 보면서 스릴 넘치는 액션까지 즐길 수 있다면 더할 나위 없지."
업무 도움 요청,"저기 혹시 이 업무 관련해서 도움 좀 받을 수 있을까요?
어떤 부분이 어렵나요? 제가 아는 선에서 도와드릴게요
자료 분석하는 건데 혹시 관련 경험 있으신가 해서요
아 그 부분은 제가 전에 해본 적 있어요 같이 한번 볼까요?
정말 감사합니다! 그럼 지금 잠깐 시간 괜찮으신가요?
네 잠시 괜찮아요 어디부터 봐야 할까요?
이 데이터에서 어떤 패턴을 찾아야 할지 막막해서요
음... 혹시 이전에 비슷한 분석 자료가 있었나요?
네 찾아봤는데 좀 오래된 자료밖에 없더라고요
그렇군요 그럼 제가 봤을 때 중요해 보이는 부분 먼저 짚어드릴게요
정말 감사합니다 덕분에 감이 좀 잡히네요
별말씀을요 막히는 부분 있으면 언제든 다시 물어보세요
혹시 이 부분도 한번 봐주실 수 있을까요?
네 잠시만요... 음 이건 이렇게 접근하면 될 것 같아요
와 정말 꼼꼼하시네요 혼자서는 절대 못 했을 거예요
아니에요 같이 하니까 훨씬 수월하네요
혹시 나중에 제가 도울 일 있으면 말씀해주세요
네 감사합니다 저도 언제든 도울 일 있으면 말씀드릴게요
오늘 정말 많은 도움 받았어요 덕분에 퇴근 전에 끝낼 수 있을 것 같아요
천만에요 남은 시간 마무리 잘 하세요!"
업무 도움 요청,"팀장님 제가 이번 주까지 제출해야 하는 보고서 때문에 여쭤볼 게 있습니다
네 어떤 내용인가요?
데이터 취합하는 과정에서 오류가 계속 발생해서요
어떤 종류의 오류인가요? 혹시 화면 공유해서 보여주실 수 있을까요?
네 잠시만요 여기 이 부분에서 자꾸 에러가 납니다
음... 제가 보기에는 이 함수에 문제가 있는 것 같네요
아 제가 이 함수를 잘못 쓴 것 같네요 감사합니다
혹시 이 보고서 관련해서 추가적으로 조언해 주실 부분 있으신가요?
잠시만 검토해 보겠습니다... 음 이 부분 내용을 좀 더 보강하면 좋을 것 같습니다
어떤 내용을 추가하면 좋을까요?
최근 시장 동향 자료를 참고해서 분석 내용을 덧붙이는 건 어떨까요?
좋은 아이디어네요 감사합니다 바로 수정하겠습니다
혹시 수정 후에 다시 한번 검토해 주실 수 있을까요?
네 언제든지 편하게 말씀하세요
팀장님 덕분에 보고서 완성하는 데 큰 도움이 됐습니다 감사합니다
천만에요 보고서 제출 잘 하시고 남은 하루도 수고하세요
혹시 다음에 제가 팀장님께 도움 드릴 일 있으면 말씀해주세요
네 감사합니다 필요하면 언제든 요청드릴게요
오늘 정말 감사드립니다 덕분에 마음 편하게 퇴근할 수 있을 것 같습니다
수고하셨습니다 내일 뵙겠습니다"
업무 도움 요청,"선배님 혹시 지금 잠깐 시간 괜찮으신가요? 급하게 여쭤볼 게 있어서요
네 무슨 일이세요?
제가 맡은 프로젝트 진행이 생각보다 너무 어렵네요
어떤 부분에서 어려움을 느끼고 있나요? 좀 더 자세히 설명해 주시겠어요?
기획 단계부터 막히는 것 같아요 도대체 뭘 어떻게 시작해야 할지...
음... 혹시 이전에 비슷한 프로젝트 진행했던 자료는 찾아보셨나요?
네 찾아봤는데 너무 오래된 자료라 지금 상황이랑은 좀 안 맞는 것 같아요
그렇군요 그럼 제가 처음 기획했을 때 참고했던 자료 한번 공유해 드릴까요?
정말 감사합니다! 선배님 자료는 항상 도움이 많이 되더라고요
별말씀을요 그리고 혹시 기획 방향 잡는 데 어려움 느끼시면 저한테 편하게 말씀하세요
네 감사합니다 혹시 이 아이디어에 대해서도 한번 의견 여쭤봐도 될까요?
네 좋아요 어떤 아이디어인데요?
이 프로젝트 목표를 이렇게 설정하고 진행하는 건 어떨까 해서요
음... 제 생각에는 목표 설정은 나쁘지 않은데 실행 가능성을 좀 더 고려해야 할 것 같아요
아 실행 가능성... 그 부분은 제가 미처 생각을 못 했네요 감사합니다
혹시 실행 계획 세우는 데에도 도움을 받을 수 있을까요?
네 그럼요 제가 이전에 비슷한 계획 세웠던 템플릿 공유해 드릴게요
정말 감사합니다 선배님 덕분에 프로젝트 진행에 대한 막막함이 좀 사라졌어요
천만에요 프로젝트 잘 진행하시고 어려움 느끼시면 언제든 다시 찾아오세요
네 감사합니다 저도 선배님께 도움 드릴 일 있으면 언제든 말씀해주세요
오늘 정말 감사드립니다 덕분에 한숨 돌릴 수 있을 것 같아요"
업무 도움 요청,"주임님 제가 이번에 새로 맡게 된 업무가 있는데 혹시 경험 있으신가요?
어떤 업무인데요? 제가 전에 비슷한 업무를 진행했던 적이 있습니다
이 거래처에 제안서를 보내야 하는데 작성 경험이 별로 없어서요
아 제안서 작성... 제가 관련 템플릿이랑 작성 가이드라인 드릴게요
정말 감사합니다! 주임님 자료는 항상 깔끔해서 보기 좋더라고요
별말씀을요 그리고 제안서 작성하시다가 궁금한 점 있으시면 언제든 물어보세요
네 감사합니다 혹시 제안서 초안 완성되면 한번 검토해 주실 수 있을까요?
네 그럼요 편하게 보내주세요 꼼꼼하게 확인해 보겠습니다
주임님 덕분에 제안서 작성하는 데 큰 도움이 될 것 같습니다 감사합니다
천만에요 좋은 결과 있으시길 바랍니다
혹시 제안 발표 때 주의해야 할 점 같은 게 있을까요?
음... 자신감 있는 태도와 명확한 설명이 중요합니다 그리고 질문에 대한 답변도 잘 준비하시고요
네 조언 감사합니다 발표 연습 열심히 해야겠네요
혹시 발표 자료 만드는 데에도 도움을 받을 수 있을까요?
네 제가 이전에 발표했던 자료 참고하셔도 좋습니다 필요하시면 공유해 드릴게요
정말 감사합니다 주임님 덕분에 많은 도움이 되네요
천만에요 이번 업무 잘 마무리하시길 응원하겠습니다
혹시 다음에 제가 주임님께 도움 드릴 일 있으면 말씀해주세요
네 감사합니다 필요하면 언제든 편하게 요청드릴게요"
업무 도움 요청,"박 대리님 혹시 지금 바쁘신가요? 급하게 도움 요청드릴 게 있어서요
네 무슨 일이세요? 말씀하세요
제가 오늘까지 처리해야 하는 서류 작업이 있는데 양이 너무 많아서요
어떤 종류의 서류 작업인가요? 혹시 제가 도와드릴 수 있는 부분이 있을까요?
데이터 입력하는 작업인데 혹시 같이 좀 해주실 수 있을까요?
아 데이터 입력... 제가 지금 다른 급한 업무가 있어서 바로 도와드리기는 어렵고...
아... 네 알겠습니다 혹시 나중에 잠깐이라도 시간 괜찮으시면 부탁드려도 될까요?
네 오후에 제 업무 끝나면 잠깐 도와드릴 수 있을 것 같아요 몇 시쯤 예상하시나요?
음... 한 3시쯤이면 얼추 마무리될 것 같은데...
네 3시쯤 저한테 다시 한번 말씀해주세요 최대한 도와드릴게요
정말 감사합니다! 대리님 아니었으면 오늘 안에 끝내기 힘들었을 거예요
별말씀을요 저도 예전에 비슷한 경험 있어서 얼마나 힘든지 알아요
혹시 제가 지금 바로 도와드릴 수 있는 다른 간단한 업무라도 있을까요?
음... 지금은 괜찮아요 3시에 다시 말씀드릴게요
네 알겠습니다 다시 한번 감사드립니다 덕분에 마음이 놓이네요
천만에요 남은 시간 힘내세요"
업무 도움 요청,"김 과장님 제가 이번 프로젝트 보고서 작성 때문에 조언을 구하고 싶습니다
네 어떤 부분이 궁금하신가요?
제가 분석한 데이터 해석이 맞는지 확신이 안 서서요
데이터 한번 볼 수 있을까요? 화면 공유해 주시겠어요?
네 잠시만요 제가 분석한 결과는 이렇습니다
음... 제가 보기에는 데이터 분석 자체는 잘 하신 것 같은데요
정말인가요? 감사합니다 근데 이 결과를 어떻게 보고서에 녹여내야 할지...
보고서 흐름을 어떻게 구성해야 할지 고민이시군요
네 맞습니다 혹시 보고서 템플릿 같은 게 있을까요?
네 제가 이전에 작성했던 보고서 템플릿 하나 공유해 드릴게요 참고하시면 도움이 될 거예요
정말 감사합니다! 과장님 템플릿은 항상 깔끔하고 내용 구성도 좋더라고요
별말씀을요 그리고 보고서 작성하시다가 막히는 부분 있으면 언제든 다시 물어보세요
네 감사합니다 혹시 보고서 초안 완성되면 한번 검토해 주실 수 있을까요?
네 그럼요 편하게 보내주세요 제가 꼼꼼하게 확인해 보겠습니다
과장님 덕분에 보고서 작성에 대한 부담이 많이 줄었습니다 감사합니다
천만에요 좋은 보고서 완성하시길 바랍니다
혹시 보고서 발표 때 유의해야 할 점 같은 게 있을까요?
발표 내용은 간결하고 명확하게 전달하는 것이 중요합니다 그리고 질문에 대한 답변도 잘 준비하시고요
네 조언 감사합니다 발표 연습 열심히 해야겠네요
혹시 발표 자료 만드는 데에도 도움을 받을 수 있을까요?
네 제가 이전에 발표했던 자료 참고하셔도 좋습니다 필요하시면 공유해 드릴게요
정말 감사합니다 과장님 덕분에 많은 도움이 됩니다
천만에요 이번 프로젝트 잘 마무리하시길 응원하겠습니다"
업무 도움 요청,"이 주임님 제가 이번에 새로 맡게 된 거래처 관리 때문에 여쭤볼 게 있습니다
네 어떤 부분이 궁금하신가요? 거래처 관리는 저도 경험이 많지 않아서...
아... 그러신가요? 혹시 관련 자료나 참고할 만한 내용이 있을까요?
음... 제가 예전에 거래처 관리 관련해서 정리해 둔 파일이 있을 거예요 한번 찾아볼게요
정말 감사합니다! 혹시 찾으시면 저한테 공유 좀 부탁드릴게요
네 찾으면 바로 보내드릴게요 그리고 혹시 다른 팀에 관련 경험 있는 분이 있을 수도 있으니 한번 여쭤보시는 것도 좋을 것 같아요
아 다른 팀에요? 혹시 추천해 주실 만한 분 있으신가요?
음... 영업팀 박 대리님이 거래처 관리를 많이 해보신 걸로 알고 있어요 한번 연락해 보세요
네 감사합니다 박 대리님께 한번 연락드려 봐야겠네요
혹시 거래처와 첫 미팅 때 주의해야 할 점 같은 게 있을까요?
첫인상이 중요하니 밝고 긍정적인 태도를 유지하시고 거래처 요구사항을 꼼꼼하게 파악하는 것이 중요합니다
네 조언 감사합니다 첫 미팅 준비 잘 해야겠네요
혹시 첫 미팅 때 가져가면 좋을 만한 자료 같은 게 있을까요?
회사 소개 자료나 제품 카탈로그 등을 준비해 가시면 도움이 될 거예요
네 감사합니다 챙겨가야겠네요
이 주임님 덕분에 거래처 관리에 대한 막막함이 조금 사라졌습니다 감사합니다
천만에요 저도 도움이 될 수 있어서 다행입니다 좋은 결과 있으시길 바랍니다"
업무 도움 요청,"최 대리님 혹시 지금 잠깐 이야기 나눌 수 있을까요? 제가 진행하는 프로젝트 때문에 고민이 좀 있어서요
네 무슨 고민 있으세요?
프로젝트 예산 관련해서 문제가 생겼는데 어떻게 해결해야 할지 모르겠어요
어떤 문제가 발생했나요? 혹시 예산 초과가 예상되나요?
네 예상했던 것보다 비용이 더 많이 발생할 것 같아서요
음... 혹시 예산을 절감할 수 있는 방안은 찾아보셨나요?
네 찾아봤는데 마땅한 방법이 없더라고요
그렇군요 그럼 제가 예전에 예산 관련 문제 발생했을 때 해결했던 방법 한번 공유해 드릴까요?
정말 감사합니다! 대리님 경험은 항상 도움이 많이 되더라고요
별말씀을요 그리고 혹시 예산 조정 관련해서 더 궁금한 점 있으시면 언제든 물어보세요
네 감사합니다 혹시 이 부분 예산을 좀 더 확보할 수 있는 방법은 없을까요?
음... 관련 부서에 협조를 구하거나 아니면 프로젝트 범위를 일부 조정하는 것도 고려해 볼 수 있을 것 같아요
아 프로젝트 범위 조정... 그 부분은 한번 검토해 봐야겠네요 감사합니다
혹시 관련 부서 담당자 연락처를 알려주실 수 있을까요?
네 잠시만요 제가 담당자 연락처 찾아서 보내드릴게요
정말 감사합니다 대리님 덕분에 문제 해결의 실마리가 보이는 것 같습니다
천만에요 프로젝트 잘 마무리하시고 어려움 느끼시면 언제든 다시 말씀하세요
네 감사합니다 저도 대리님께 도움 드릴 일 있으면 언제든 말씀해주세요"
업무 도움 요청,"강 팀장님 제가 이번에 맡은 해외 바이어 응대 때문에 조언을 구하고 싶습니다
네 어떤 부분이 궁금하신가요? 해외 바이어 응대는 저도 경험이 많지 않아서...
아... 그러신가요? 혹시 관련 자료나 주의해야 할 점 같은 게 있을까요?
음... 제가 예전에 해외 바이어 응대 관련해서 정리해 둔 자료가 있을 거예요 한번 찾아볼게요
정말 감사합니다! 혹시 찾으시면 저한테 공유 좀 부탁드릴게요
네 찾으면 바로 보내드릴게요 그리고 혹시 통역 담당자분께 도움을 요청해 보시는 것도 좋을 것 같아요
아 통역 담당자요? 저희 팀에 통역 담당자가 있었나요?
네 총무팀에 외국어 능통하신 분이 계세요 필요하시면 연결해 드릴게요
네 감사합니다 통역 담당자분께 한번 도움을 요청드려 봐야겠네요
혹시 해외 바이어와 미팅 때 특별히 주의해야 할 점 같은 게 있을까요?
문화적인 차이를 이해하고 존중하는 것이 중요합니다 그리고 예의 바른 태도를 유지하시고요
네 조언 감사합니다 문화적인 차이에 대해 좀 더 알아봐야겠네요
혹시 미팅 때 어떤 자료를 준비해 가는 것이 좋을까요?
회사 소개 자료는 기본이고 바이어가 관심을 가질 만한 제품 정보나 시장 분석 자료 등을 준비해 가시면 좋을 거예요
네 감사합니다 꼼꼼하게 준비해야겠네요
강 팀장님 덕분에 해외 바이어 응대에 대한 막막함이 조금 사라졌습니다 감사합니다
천만에요 좋은 결과 있으시길 바랍니다 혹시 더 궁금한 점 있으시면 언제든 편하게 물어보세요"
업무 도움 요청,"송 대리님 혹시 지금 잠깐 시간 괜찮으신가요? 제가 진행하는 업무 때문에 긴급하게 도움을 요청드릴 게 있어서요
네 무슨 일이세요? 급하신가요?
네 제가 오늘 오후까지 제출해야 하는 보고서가 있는데 데이터 오류 때문에 분석이 제대로 안 돼서요
어떤 종류의 오류인가요? 혹시 오류 메시지 캡처해서 보여주실 수 있을까요?
네 잠시만요 여기 이 부분에서 계속 이상한 값이 나와요
음... 제가 보기에는 데이터 원본에 문제가 있는 것 같네요 혹시 원본 데이터를 다시 한번 확인해 보셨나요?
네 확인해 봤는데도 뭐가 문제인지 모르겠어요
그렇군요 그럼 제가 원본 데이터 한번 같이 봐드릴게요 화면 공유해 주시겠어요?
정말 감사합니다! 대리님 아니었으면 오늘 안에 보고서 제출 못 했을 거예요
별말씀을요 저도 예전에 데이터 오류 때문에 고생한 적 있어서 얼마나 답답한지 알아요
혹시 제가 지금 바로 할 수 있는 다른 작업이라도 있을까요?
음... 지금은 데이터 오류 수정하는 게 급선무일 것 같아요 같이 한번 꼼꼼하게 살펴봅시다
네 감사합니다 대리님 도와주셔서 정말 다행이에요
천만에요 보고서 마감 시간까지 최선을 다해서 도와드릴게요
혹시 나중에 제가 대리님께 도움 드릴 일 있으면 언제든 말씀해주세요
네 감사합니다 저도 언제든 도울 일 있으면 편하게 말씀드릴게요
오늘 정말 감사드립니다 덕분에 마음 편하게 업무에 집중할 수 있을 것 같아요"
업무 도움 요청,"오 주임님 제가 이번에 새로 맡게 된 프로젝트 관련해서 궁금한 점이 있어서요 혹시 경험 있으신가요?
어떤 프로젝트인데요? 제가 전에 비슷한 프로젝트에 참여했던 적이 있습니다
이번에 고객 만족도 조사 분석하는 프로젝트인데 어떤 방식으로 접근해야 할지 막막해서요
아 고객 만족도 조사 분석... 제가 관련 자료랑 분석 툴 사용법 매뉴얼 드릴게요
정말 감사합니다! 주임님 자료는 항상 체계적으로 잘 정리되어 있어서 도움이 많이 되더라고요
별말씀을요 그리고 분석하시다가 궁금한 점 있으시면 언제든 편하게 물어보세요
네 감사합니다 혹시 설문 문항 설계할 때 주의해야 할 점 같은 게 있을까요?
설문 문항은 명확하고 이해하기 쉽게 작성해야 하며 응답자가 솔직하게 답변할 수 있도록 유도하는 것이 중요합니다
네 조언 감사합니다 설문 문항 설계할 때 참고해야겠네요
혹시 분석 결과 보고서 작성할 때 어떤 내용을 포함해야 할까요?
주요 분석 결과와 함께 개선 방안이나 시사점 등을 포함하면 좋을 거예요
네 감사합니다 보고서 작성할 때 참고하겠습니다
오 주임님 덕분에 프로젝트 진행 방향을 잡는 데 큰 도움이 될 것 같습니다 감사합니다
천만에요 프로젝트 잘 진행하시고 좋은 결과 있으시길 바랍니다
혹시 다음에 제가 주임님께 도움 드릴 일 있으면 언제든 말씀해주세요
네 감사합니다 필요하면 언제든 편하게 요청드릴게요"
업무 도움 요청,"황 팀장님 제가 이번에 진행하는 신규 사업 아이템 관련해서 검토를 받고 싶습니다
네 어떤 아이템이신가요?
이러한 아이템인데 시장성이 있을지 확신이 안 서서요
음... 아이디어 자체는 신선한 것 같은데요 시장 분석 자료를 한번 볼 수 있을까요?
네 잠시만요 화면 공유하겠습니다
음... 시장 규모는 작지 않은 것 같은데 경쟁 업체 분석은 어떻게 하셨나요?
아직 경쟁 업체 분석은 제대로 못 했습니다
그렇군요 경쟁 업체 분석이 중요하니 이 부분 좀 더 자세히 해보시는 게 좋을 것 같습니다
네 알겠습니다 팀장님 조언 감사합니다
그리고 이 아이템의 수익성은 어떻게 예상하시나요?
아직 구체적인 수익성 분석은 못 했습니다
수익성 분석도 꼼꼼하게 하셔야 투자 결정을 내릴 수 있습니다 관련 자료 있으면 저한테 공유해주세요
네 알겠습니다 팀장님
팀장님 덕분에 신규 사업 아이템 검토 방향을 잡는 데 큰 도움이 됐습니다 감사합니다
천만에요 신중하게 검토하셔서 좋은 결과 있으시길 바랍니다
혹시 사업 계획서 작성할 때 도움 필요하시면 언제든 말씀해주세요
네 감사합니다 팀장님!"
업무 도움 요청,"강 선배님 혹시 지금 바쁘신가요? 제가 처리해야 하는 문서 작업 때문에 도움을 받고 싶어서요
네 무슨 일이세요?
제가 작성한 문서에 오류가 있는 것 같은데 아무리 봐도 모르겠어요
어떤 부분에서 오류가 발견되셨나요?
문법적인 오류인지 내용상의 오류인지 잘 모르겠어요
그렇군요 그럼 제가 한번 같이 봐드릴까요? 화면 공유해 주시겠어요?
네 잠시만요
음... 제가 보기에는 문법적인 오류 몇 군데랑 표현이 어색한 부분이 좀 있네요
아 제가 문법에 약해서... 감사합니다 선배님
제가 자주 사용하는 문법 검사 프로그램 알려드릴까요? 앞으로 문서 작성하실 때 활용하시면 도움이 될 거예요
정말 감사합니다!
그리고 내용상으로도 이 부분은 좀 더 구체적으로 설명하는 것이 좋을 것 같습니다
아 네 알겠습니다 선배님 조언대로 수정하겠습니다
혹시 수정 후에 다시 한번 검토해 주실 수 있을까요?
네 그럼요 언제든지 편하게 말씀하세요
선배님 덕분에 문서 오류 수정하는 데 큰 도움이 됐습니다 감사합니다
별말씀을요 문서 작성은 꼼꼼하게 하는 것이 중요하니까요
혹시 다음에 제가 선배님께 도움 드릴 일 있으면 말씀해주세요
네 감사합니다 저도 언제든 편하게 말씀드릴게요"
업무 도움 요청,"고 주임님 혹시 이 프로젝트 일정 관련해서 질문 좀 드려도 될까요?
네 어떤 부분이 궁금하신가요?
제가 맡은 작업 마감일이 다음 주인데 도저히 맞출 수 없을 것 같아요
음... 현재 진행 상황이 어느 정도 되시나요?
아직 절반도 못 끝냈습니다
그렇군요 그럼 제가 프로젝트 매니저님께 한번 말씀드려서 마감일을 조정해 보는 건 어떨까요?
정말 감사합니다! 주임님 덕분에 한숨 돌릴 수 있을 것 같아요
별말씀을요 혼자서 감당하기 힘든 업무량이면 팀 차원에서 지원해야죠
혹시 제가 지금 할 수 있는 다른 방법은 없을까요?
우선 남은 작업량을 정확하게 파악하고 우선순위를 정해서 처리하는 것이 중요합니다
네 알겠습니다 주임님 조언대로 하겠습니다
혹시 제가 도움 드릴 수 있는 다른 작업은 없을까요?
지금은 괜찮습니다 주임님 맡으신 업무에 집중해 주세요
오늘 정말 감사드립니다 덕분에 마음 편하게 업무에 집중할 수 있을 것 같습니다
천만에요 남은 시간 힘내시고 어려움 있으면 언제든 말씀하세요"
업무 실수 지적,"어제 보고서에 이 부분 수치가 좀 잘못된 것 같던데요 혹시 다시 한번 확인해 보셨어요?
아 정말요 제가 제대로 확인 안 했나 보네요 죄송합니다
네 다음부터는 꼼꼼하게 확인 부탁드릴게요 중요한 자료니까요
네 명심하겠습니다 지금 바로 수정하겠습니다 알려주셔서 감사합니다
그리고 이 부분 내용도 조금 이해하기 어렵게 쓰인 것 같아요
어떤 부분이요 설명이 부족했나 보네요
네 혹시 이 용어 대신 좀 더 쉬운 표현으로 바꿔주실 수 있을까요?
아 네 그렇게 하겠습니다 수정해서 다시 보내드릴게요
다음부터 보고서 작성하실 때 한번 더 신경 써주시면 좋을 것 같아요
네 주의하겠습니다 오늘 지적해주셔서 감사합니다 덕분에 수정할 수 있었어요
별말씀을요 서로 도와가면서 하는 거죠 다음엔 더 좋은 결과 기대할게요
네 열심히 하겠습니다!"
업무 실수 지적,"김 씨 지난번 회의 때 말씀하신 내용 중에 이 부분이 사실과 좀 다른 것 같아서요
아 제가 잘못 알고 말씀드렸나 봅니다 어떤 부분이었죠?
이 프로젝트 진행 상황 말씀하실 때 이 수치가 실제와 달랐어요
아 제가 착각했나 봅니다 죄송합니다
다음 회의 때는 정확한 정보를 바탕으로 말씀해주시면 좋을 것 같아요
네 알겠습니다 다음부터 주의하겠습니다
그리고 그때 말씀하신 아이디어는 좋은데 현실적으로 실행 가능성은 좀 더 검토해 봐야 할 것 같아요
아 그 부분은 미처 깊이 생각 못 했습니다
네 함께 논의해서 좀 더 현실적인 방안을 찾아보면 좋을 것 같아요
네 그렇게 하시죠 좋은 의견 감사합니다
오늘 지적해주신 덕분에 더 신중하게 업무를 처리해야겠다는 생각이 드네요 감사합니다
별말씀을요 서로 발전해 나가기 위한 거니까요"
업무 실수 지적,"박 대리 이번에 제출하신 기획안에 이 부분이 빠진 것 같아요 혹시 확인해보셨나요?
아 제가 깜빡하고 누락했나 봅니다 죄송합니다
네 다음부터는 제출 전에 꼼꼼하게 체크 부탁드립니다
네 알겠습니다 지금 바로 추가해서 다시 보내드리겠습니다
그리고 이 부분 아이디어는 신선한데 좀 더 구체적인 실행 전략이 필요할 것 같아요
어떤 부분이 부족한가요?
예를 들어 목표 달성을 위한 단계별 계획이나 측정 지표 등이 좀 더 명확해야 할 것 같아요
아 네 알겠습니다 보완해서 다시 제출하겠습니다
다음 기획안 작성하실 때는 이 부분 참고해서 작성해주시면 좋을 것 같아요
네 명심하겠습니다 알려주셔서 감사합니다
별말씀을요 좋은 기획안 기대하겠습니다"
업무 실수 지적,"이 주임님 지난번 고객 응대하신 내용 다시 한번 확인해 보셨나요?
네 확인했습니다 혹시 어떤 부분 말씀이신가요?
고객 불만 사항에 대한 답변이 조금 미흡했던 것 같습니다
아 제가 답변이 부족했나 봅니다 죄송합니다
다음부터는 고객 불만 사항에 좀 더 신중하게 답변해 주시면 감사하겠습니다
네 알겠습니다 주의하겠습니다
그리고 그때 고객께 안내하신 내용 중에 잘못된 정보가 있었던 것 같아요
아 제가 잘못 안내했나 봅니다 어떤 부분이었죠?
이 할인 정책 관련해서 안내하신 내용이 실제와 달랐습니다
아 죄송합니다 바로 고객께 다시 정확하게 안내드리겠습니다
다음 고객 응대 시에는 정확한 정보를 확인하고 안내해 주시면 좋을 것 같습니다
네 명심하겠습니다 알려주셔서 감사합니다
별말씀을요 고객 만족은 저희에게 가장 중요한 부분이니까요"
업무 실수 지적,"최 팀장님 이번 주 보고서 취합하신 내용 중에 이 팀 데이터가 누락된 것 같습니다
아 정말인가요 제가 취합하면서 빠뜨렸나 보네요 죄송합니다
네 다음부터는 데이터 취합하실 때 꼼꼼하게 확인 부탁드립니다
네 알겠습니다 지금 바로 누락된 데이터 추가하겠습니다
그리고 보고서 전체적으로 내용 흐름이 조금 부자연스러운 것 같습니다
어떤 부분이 그렇게 느껴지셨나요?
이 부분이랑 이 부분 연결이 좀 어색한 것 같아요
아 제가 내용을 급하게 작성하다 보니 그렇게 됐나 봅니다 수정하겠습니다
다음 보고서 작성하실 때는 내용 흐름에도 신경 써주시면 좋을 것 같습니다
네 알겠습니다 주의하겠습니다 알려주셔서 감사합니다
별말씀을요 전체적인 완성도를 높이는 게 중요하니까요"
업무 실수 지적,"윤 대리님 이번 품의서 결재 올리신 거 보니 이 항목 금액이 잘못 기재된 것 같습니다
아 제가 금액을 잘못 입력했나 보네요 죄송합니다
네 다음부터는 금액 입력하실 때 다시 한번 확인 부탁드립니다
네 알겠습니다 지금 바로 수정해서 다시 결재 올리겠습니다
그리고 이 품의 요청 사유도 조금 더 구체적으로 작성해 주시면 좋을 것 같아요
어떤 부분이 부족한가요?
예를 들어 이 물품이 왜 필요한지 어떤 효과를 기대하는지 등이 좀 더 명확해야 할 것 같습니다
아 네 알겠습니다 수정해서 다시 올리겠습니다
다음 품의서 작성하실 때는 이 부분 참고해서 작성해 주시면 좋을 것 같습니다
네 명심하겠습니다 알려주셔서 감사합니다
별말씀을요 정확한 품의는 빠른 결재를 위해 중요합니다"
업무 실수 지적,"박 주임님 지난번 회의록 작성하신 거 보니 이 결정 사항이 빠져 있는 것 같습니다
아 제가 회의록에 누락했나 보네요 죄송합니다
네 다음부터는 회의록 작성하실 때 꼼꼼하게 모든 내용을 기록해 주시면 감사하겠습니다
네 알겠습니다 지금 바로 누락된 내용 추가하겠습니다
그리고 회의록 내용이 조금 요약되어 있어서 당시 논의 내용을 파악하기 어렵습니다
좀 더 자세하게 기록해 주시면 좋을 것 같아요
아 제가 핵심 내용만 간략하게 적으려고 하다 보니 그렇게 됐나 봅니다 수정하겠습니다
다음 회의록 작성 시에는 좀 더 자세하게 작성하도록 하겠습니다
네 주의하겠습니다 알려주셔서 감사합니다
별말씀을요 회의록은 중요한 기록이니까 정확하게 작성하는 것이 중요합니다"
업무 실수 지적,"최 대리님 이번에 번역하신 자료 보니 이 용어가 좀 부적절한 것 같습니다
아 제가 번역하면서 실수를 했나 보네요 어떤 용어 말씀이신가요?
이 기술 용어가 해당 분야에서 일반적으로 사용되는 용어와 다릅니다
아 제가 전문 용어에 대한 이해가 부족했습니다 죄송합니다
다음부터는 번역하실 때 전문 용어에 좀 더 주의를 기울여 주시면 좋을 것 같습니다
네 알겠습니다 확인하고 수정하겠습니다 알려주셔서 감사합니다
그리고 이 문장도 의미가 조금 모호하게 번역된 것 같아요
어떤 부분이 이해하기 어려우셨나요?
원문의 의미가 제대로 전달되지 않은 것 같습니다
아 제가 번역 실력이 부족해서 죄송합니다 수정하겠습니다
다음 번역 작업에서는 좀 더 신중하게 작업하도록 하겠습니다
네 주의 부탁드립니다"
업무 실수 지적,"김 팀장님 이번 프로젝트 진행 보고서 보니 이 일정 계획이 현실적으로 어려울 것 같습니다
아 제가 너무 낙관적으로 일정을 잡았나 보네요 죄송합니다
네 다음부터는 좀 더 현실적인 일정 계획을 세워주시면 감사하겠습니다
네 알겠습니다 수정해서 다시 보고 드리겠습니다
그리고 이 부분 목표 설정도 조금 모호한 것 같습니다
어떤 부분이 명확하지 않으신가요?
구체적인 측정 기준이나 달성 목표가 명확하지 않습니다
아 제가 목표 설정을 명확하게 하지 못했습니다 수정하겠습니다
다음 보고서 작성 시에는 좀 더 구체적인 목표를 설정하도록 하겠습니다
네 주의 부탁드립니다"
업무 실수 지적,"박 주임님 이번에 발송하신 공문 보니 수신인 주소가 잘못 기재된 것 같습니다
아 제가 주소를 잘못 확인했나 보네요 죄송합니다
네 다음부터는 발송 전에 수신인 정보를 꼼꼼하게 확인 부탁드립니다
네 알겠습니다 지금 바로 수정해서 다시 발송하겠습니다
그리고 공문 내용 중에도 오탈자가 몇 군데 발견되었습니다
아 제가 꼼꼼하게 확인하지 못했습니다 죄송합니다
다음 공문 발송 시에는 오탈자 없이 정확하게 작성하도록 하겠습니다
네 주의 부탁드립니다"
업무 실수 지적,"이 대리님 지난번 계약 조건 검토하신 내용 보니 이 부분이 저희에게 불리한 조건인 것 같습니다
아 제가 계약 내용을 제대로 확인하지 못했나 보네요 죄송합니다
네 다음부터는 계약 조건 꼼꼼하게 검토하시고 불리한 조건은 없는지 확인해 주시면 감사하겠습니다
네 알겠습니다 수정 요청하겠습니다
그리고 이 부분 법률 검토도 다시 한번 받아보는 것이 좋을 것 같습니다
아 제가 법률적인 부분은 잘 몰라서...
네 다음 계약 검토 시에는 법무팀과 협의해서 진행하는 것이 좋겠습니다
네 알겠습니다"
업무 실수 지적,"최 팀장님 이번 회의 준비하신 자료 보니 이 통계 수치가 최신 자료가 아닌 것 같습니다
아 제가 최신 자료를 확인하지 못했나 보네요 죄송합니다
네 다음 회의 자료 준비하실 때는 반드시 최신 자료를 확인해서 준비해 주시면 감사하겠습니다
네 알겠습니다 바로 최신 자료로 업데이트하겠습니다
그리고 발표 자료 디자인도 조금 더 가독성 좋게 수정해 주시면 좋을 것 같습니다
아 제가 디자인 감각이 좀 부족해서...
네 다음 발표 자료 준비하실 때는 디자인에도 신경 써주시면 좋을 것 같습니다
네 알겠습니다"
업무 실수 지적,"윤 주임님 이번에 처리하신 결재 서류 보니 서명란에 서명이 빠져 있습니다
아 제가 서명을 깜빡하고 안 했나 보네요 죄송합니다
네 다음부터는 결재 서류 제출 전에 서명란을 꼭 확인해 주시면 감사하겠습니다
네 알겠습니다 지금 바로 서명해서 다시 제출하겠습니다
그리고 첨부 서류도 빠진 것이 있는 것 같습니다
아 제가 첨부 서류를 제대로 확인하지 못했습니다 죄송합니다
네 다음 결재 서류 제출 시에는 첨부 서류도 꼼꼼하게 확인해 주시면 좋을 것 같습니다
네 알겠습니다"
업무 실수 지적,"박 대리님 이번 보고서 그래프 보니 축 제목이 잘못 설정된 것 같습니다
아 제가 그래프 설정을 잘못 했나 보네요 죄송합니다
네 다음 보고서 작성하실 때는 그래프 축 제목을 정확하게 설정해 주시면 감사하겠습니다
네 알겠습니다 수정하겠습니다
그리고 그래프 색상도 조금 더 명확하게 구분될 수 있도록 변경해 주시면 좋을 것 같습니다
아 제가 색상 선택에 신경을 못 썼네요 수정하겠습니다
네 다음 보고서 작성 시에는 그래프 디자인에도 신경 써주시면 좋을 것 같습니다
네 알겠습니다"
업무 실수 지적,"김 팀장님 이번 프로젝트 예산 집행 내역 보니 이 항목에서 예산 초과가 발생했습니다
아 제가 예산 관리를 제대로 못 했나 보네요 죄송합니다
네 다음 프로젝트 진행 시에는 예산 관리를 좀 더 철저하게 해주시면 감사하겠습니다
네 알겠습니다 예산 집행 내역 다시 한번 확인하고 원인 분석하겠습니다
그리고 앞으로 예산 초과 발생하지 않도록 주의 부탁드립니다
네 명심하겠습니다"
업무 실수 지적,"이 주임님 이번에 작성하신 업무 매뉴얼 보니 이 절차가 빠져 있습니다
아 제가 매뉴얼 작성하면서 누락했나 보네요 죄송합니다
네 다음 매뉴얼 작성하실 때는 모든 절차를 꼼꼼하게 포함해서 작성해 주시면 감사하겠습니다
네 알겠습니다 지금 바로 빠진 절차 추가하겠습니다
그리고 매뉴얼 내용이 조금 이해하기 어렵게 설명된 부분도 있는 것 같습니다
아 제가 설명을 명확하게 하지 못했나 봅니다 수정하겠습니다
네 다음 매뉴얼 작성 시에는 좀 더 쉽게 이해할 수 있도록 작성해 주시면 좋을 것 같습니다
네 알겠습니다"
상사 폭언 위로,"어휴... 아까 팀장님 너무 심하시더라. 듣고 있는 내가 다 힘들더라.
맞아. 진짜 해도 해도 너무하셨어. 어떻게 그런 말을...
괜찮아? 얼굴이 너무 안 좋아 보여.
솔직히 너무 충격받았어. 내가 그렇게 잘못한 건가 싶기도 하고.
아니야 절대. 팀장님이 너무 감정적으로 대하신 거야. 네 잘못 아니야.
그래도... 자꾸 그 말이 맴돌아서.
그럴 땐 맛있는 거 먹고 힘내야 해. 오늘 저녁 같이 먹을래?
정말? 고마워. 같이 맛있는 거 먹으면서 얘기 좀 하자.
당연하지. 힘든 일 있으면 혼자 끙끙 앓지 말고 우리한테 얘기해.
응. 고마워. 너희들밖에 없다 정말.
무슨 소리야. 우리는 한 팀이잖아. 힘든 일 있으면 서로 도와야지.
맞아. 오늘 일 너무 마음에 담아두지 마. 푹 쉬고 내일 힘내자.
응. 너희들도 오늘 고생 많았어. 덕분에 위로 많이 됐어."
상사 폭언 위로,"야... 들었어? 박 대리님 아까 팀장님한테 엄청 혼나셨다며.
어. 나도 멀리서 잠깐 들었는데 분위기 장난 아니더라. 무슨 일 있었대?
자세한 건 모르겠는데 엄청 큰 소리로 뭐라고 하시더라고. 박 대리님 얼굴 완전 하얗게 질리고.
어휴... 진짜 너무 하신다. 사람이 어떻게 저렇게까지...
박 대리님 괜찮으시려나. 걱정되네.
그러게. 끝나고 한번 가서 말이라도 걸어봐야겠다.
나도 같이 갈게. 혼자 힘들어하고 있을 수도 있으니.
고마워. 같이 가서 따뜻한 말이라도 건네주자.
맞아. 그리고 혹시 필요한 거 있으면 우리가 도와줄 수 있는 건 없는지 물어보자.
응. 좋은 생각이야. 팀장님 진짜 너무하시네.
그러게. 아무리 화나셔도 저렇게까지 하시는 건 아니지.
박 대리님 힘내셨으면 좋겠다. 우리가 옆에서 응원해 드려야지.
맞아. 우리라도 힘이 되어 드리자."
상사 폭언 위로,"어휴... 김 주임님 아까 완전 울먹거리시던데 무슨 일 있으셨어요?
어... 팀장님한테 엄청 심하게 혼나셨대.
진짜요? 왜 그러셨대? 평소에 그렇게 화내시는 분은 아니신데.
이번 프로젝트 결과 때문에 엄청 화나셨나 봐. 근데 아무리 그래도 그렇지...
김 주임님 마음고생 심하시겠다.
그러게. 평소에 얼마나 열심히 하시는데... 너무 안쓰러워.
퇴근길에 같이 커피라도 한잔하면서 얘기 들어드려야겠다.
나도 같이 갈게. 혼자 두면 더 힘드실 수도 있어.
고마워. 따뜻한 말 한마디라도 건네드리는 게 좋을 것 같아.
맞아. 그리고 혹시 저희가 도울 수 있는 부분이 있다면 적극적으로 도와드리자.
응. 팀장님 너무 감정적으로 대하신 것 같아.
그러게. 좀 차분하게 말씀하셔도 될 텐데.
김 주임님 힘내세요. 저희가 항상 응원하고 있다는 거 잊지 마세요.
맞아. 저희라도 옆에서 힘이 되어 드리자."
상사 폭언 위로,"야... 너 아까 팀장님한테 엄청 깨졌다며. 괜찮아?
어... 뭐. 그냥 좀 그랬어.
얼굴 보니까 아닌 것 같은데. 무슨 일 있었어? 얘기해 봐.
별거 아니야. 그냥 내 업무 처리 방식이 마음에 안 드셨나 봐.
아무리 그래도 그렇지. 그렇게까지 소리치시는 건 너무하잖아.
맞아. 나도 듣다가 깜짝 놀랐어.
너무 속상해하지 마. 팀장님 원래 좀 그러신 분이잖아.
그래도... 오늘은 좀 심했던 것 같아.
혹시 너무 힘들면 잠깐 바람이라도 쐬고 와.
고마워. 잠깐 나가서 커피라도 한잔해야겠다.
그리고 너무 자책하지 마. 네 잘못만은 아닐 거야.
응... 그렇게 생각하려고 노력 중이야.
힘내. 우리가 옆에 있잖아."
상사 폭언 위로,"어휴... ○○ 씨 아까 팀장님한테 완전 찍히셨던데...
네... 제가 좀 실수를 해서요.
아무리 그래도 그렇지. 사람 면전에 대고 그렇게까지 말씀하시는 건 좀...
맞아요. 저도 너무 당황해서 아무 말도 못 했어요.
혹시 기분 많이 상하셨어요?
네... 솔직히 좀 많이 속상하네요.
너무 마음에 담아두지 마세요. 팀장님도 좀 감정적이실 때가 있으니까.
그래도... 오늘은 좀 심하셨어요.
퇴근하고 맛있는 거라도 먹으면서 기분 푸는 게 어때요?
좋아요. 감사합니다.
그리고 혹시 다음에 또 그런 일 있으면 혼자 힘들어하지 말고 우리한테 얘기해요.
네. 고맙습니다.
저희도 팀장님께 한번 말씀드려 볼까요? 너무하신다고.
아니에요. 괜찮아요. 그냥 제가 더 조심해야죠.
그래도 너무 힘들어하지 마세요. 저희가 항상 응원하고 있어요."
상사 폭언 위로,"○○○ 씨 괜찮아요? 아까 팀장님 목소리가 복도까지 다 들리던데...
네... 뭐... 괜찮아요.
얼굴이 너무 굳어 있는데... 무슨 일 있으셨어요?
프로젝트 보고서 때문에 좀 혼났어요.
아무리 결과가 안 좋더라도 그렇게까지 화내시는 건 좀 아니지 않나?
맞아요. 저도 너무 놀랐어요.
혹시 많이 속상해요?
네... 솔직히 좀 자존심도 상하고...
너무 힘들어하지 마세요. 이번 프로젝트는 유난히 어려웠잖아요.
그래도... 제가 좀 더 잘했어야 했는데...
너무 자책하지 마세요. 다음에 더 잘하면 되죠.
응... 그렇게 생각해야지.
저희가 옆에서 도와드릴 일 있으면 언제든지 말씀하세요.
네. 감사합니다."
상사 폭언 위로,"어휴... ○○○ 대리님 아까 팀장님한테 엄청 혼나셨다면서요.
네... 제가 서류를 잘못 처리해서...
아무리 그래도 그렇지. 그렇게까지 심하게 말씀하시는 건 좀...
맞아요. 저도 듣다가 너무 놀랐어요.
혹시 많이 힘드세요?
네... 솔직히 좀 많이 지치네요.
너무 힘들어하지 마세요. 실수할 수도 있는 거죠.
그래도... 제가 좀 더 꼼꼼했어야 했는데...
너무 자책하지 마세요. 다음에 똑같은 실수 안 하면 돼요.
응... 그렇게 생각해야겠죠.
혹시 퇴근하고 술이라도 한잔하실래요? 얘기하면서 푸는 것도 좋을 것 같아요.
좋아요. 감사합니다.
저희도 팀장님께 한번 말씀드려 볼까요? 너무 심하시다고.
아니에요. 괜찮아요. 그냥 제가 더 신경 써야죠.
그래도 너무 힘들어하지 마세요. 저희가 항상 옆에 있어요."
상사 폭언 위로,"○○○ 씨 괜찮아요? 아까 팀장님한테 엄청 소리 지르시던데...
네... 뭐... 괜찮습니다.
얼굴이 너무 안 좋아 보이는데... 무슨 일 있었어요?
제가 업무 보고를 제대로 못 드려서...
아무리 보고 내용이 부족하더라도 그렇게까지 화내시는 건 좀...
맞아요. 저도 듣기가 민망하더라고요.
혹시 많이 속상하세요?
네... 솔직히 좀 기분이 안 좋네요.
너무 마음에 담아두지 마세요. 팀장님도 가끔 그러실 때 있으니까.
그래도... 오늘은 좀 심했던 것 같아요.
혹시 퇴근하고 같이 저녁이라도 드실래요?
좋아요. 감사합니다.
저희도 팀장님께 한번 말씀드려 볼까요?
아니에요. 괜찮습니다. 그냥 제가 더 잘해야죠.
그래도 너무 힘들어하지 마세요. 저희가 항상 응원하고 있습니다."
상사 폭언 위로,"○○○ 씨! 괜찮아요? 아까 팀장님 진짜 너무하시던데...
네... 저도 너무 놀랐어요.
무슨 일 때문에 그렇게 화내신 거예요?
제가 제출한 자료에 문제가 좀 있었나 봐요.
아무리 그래도 그렇지... 그렇게까지 감정적으로 대하시는 건 좀...
맞아요. 저도 듣고 있는 내내 마음이 불편했어요.
혹시 많이 힘드세요?
네... 솔직히 좀 많이 속상하네요.
너무 힘들어하지 마세요. 팀장님도 좀 예민하실 때가 있으니까.
그래도... 오늘은 좀 도가 지나치셨어요.
퇴근하고 저희랑 같이 커피라도 한잔하면서 얘기해요.
좋아요. 고마워요.
혹시 저희가 팀장님께 말씀이라도 드려볼까요?
아니에요. 괜찮아요. 그냥 제가 더 신경 써야죠.
그래도 너무 힘들어하지 마세요. 저희가 항상 옆에 있으니까요."
상사 폭언 위로,"○○○ 대리님! 괜찮으세요? 아까 팀장님 진짜...
네... 저도 정신이 없네요.
무슨 일 때문에 그렇게까지...
제가 처리한 업무에 실수가 좀 있었나 봐요.
아무리 실수가 있었더라도 그렇게까지 폭언을 하시는 건 정말...
맞아요. 저도 듣고 너무 충격받았어요.
혹시 많이 힘드시죠?
네... 솔직히 너무 힘들어요.
너무 자책하지 마세요. 누구나 실수할 수 있는 거예요.
그래도... 제가 좀 더 꼼꼼했어야 했는데...
너무 힘들어하지 마세요. 저희가 옆에서 항상 응원하고 있어요.
저희도 팀장님께 한번 말씀드려 볼까요? 이건 좀 아니라고.
아니에요. 괜찮습니다. 그냥 제가 더 조심해야죠.
그래도 너무 힘들어하지 마세요. 저희가 항상 함께 있어요."
원치 않는 야근,"아... 결국 또 야근이네. 오늘 칼퇴근하고 싶었는데.
그러게. 갑자기 일이 몰아치는 바람에 어쩔 수 없지 뭐.
나는 오늘 약속 있는데... 정말 난감하다.
저도 오늘 중요한 개인적인 일 있었는데...
팀장님은 당연하다는 듯이 야근 지시하시니 답답하네.
그러게 말이야. 미리 좀 알려주시지.
그래도 어쩌겠어. 주어진 일은 해야 하니...
얼른 끝내고 가자. 우리 힘내서.
맞아. 최대한 빨리 집중해서 끝내는 수밖에.
혹시 필요한 거 있으면 서로 도와가면서 하자.
좋아. 나도 도울 일 있으면 말해줘.
오늘 야근하면 내일은 좀 여유 생기겠지?
글쎄... 또 다른 일이 생길 수도 있고... 하하..."
원치 않는 야근,"아... 퇴근 시간 10분 전인데 또 새로운 업무 지시야?
진짜 너무하시네. 사람들도 다 지쳐 보이는데.
이거 오늘까지 해야 하는 건가요?
네. 팀장님께서 급하다고...
아... 진짜 너무 싫다. 주말에도 일했는데 또 야근이라니.
그러게. 우리에게도 개인 시간이라는 게 있는데.
불필요한 야근은 좀 줄여주셨으면 좋겠네.
맞아. 효율적으로 일하는 게 더 중요하지 않나?
그래도 어쩌겠어. 시키는 대로 해야지.
일단 시작하면 최대한 빨리 끝내보자.
혹시 저녁 안 드신 분 있어요? 같이 시켜 먹을까요?
좋아요. 뭐 먹을까요?
얼른 끝내고 집에 가서 쉬고 싶다..."
원치 않는 야근,"어휴... 오늘도 야경 감상하겠네.
내일 휴일인데... 이렇게 늦게까지 일해야 하다니.
그러게 말이야. 휴일 전날은 좀 일찍 끝내주시면 좋을 텐데.
팀장님은 휴일 개념이 없으신가 봐.
이거 내일까지 꼭 해야 하는 일인가요?
네. 다음 주 회의 자료라서...
하... 그래도 너무하네.
우리끼리라도 힘내서 빨리 끝내보자.
혹시 졸린 사람 있어요? 커피라도 한잔할까요?
좋아요. 커피 마시고 정신 차려서 일해야지.
이 야근의 끝은 어디일까...
우리 모두 파이팅 하자!
내일 늦잠이라도 푹 자야지..."
원치 않는 야근,"아... 시계 보니 벌써 9시네. 언제 퇴근할 수 있을까.
오늘따라 일이 더 안 끝나는 것 같은 기분이야.
나도. 집중도 안 되고... 빨리 집에 가고 싶다.
내일 중요한 발표 준비해야 하는데... 이렇게 늦게까지 야근하면 어쩌지.
팀장님은 왜 이렇게 퇴근을 안 하시는 걸까. 눈치 좀 있으셨으면 좋겠네.
그러게. 팀장님 퇴근하셔야 우리도 퇴근할 텐데.
이거 다 끝내려면 새벽 넘을 수도 있겠다.
혹시 간식이라도 먹으면서 할까요? 배고프네.
좋아요. 뭐 시켜 먹을까요?
얼른 끝내고 택시 타고 집에 가야겠다.
내일 출근 생각하니 벌써부터 피곤하다.
우리 모두 힘내요. 얼마 안 남았어요. 아마도...
그래... 힘내자..."
원치 않는 야근,"어휴... 또 야근 확정이네. 팀장님 방에 불 꺼질 생각을 안 하셔.
오늘따라 유난히 다들 지쳐 보이는 것 같아.
그러게. 말도 없어지고... 숨소리만 들리네.
이거 오늘 안에 다 끝낼 수 있을까?
팀장님은 왜 이렇게 야근을 당연하게 생각하시는 걸까.
맞아. 우리도 저녁 있는 삶을 좀 즐기고 싶은데.
이렇게 매번 야근하면 번아웃 올 것 같아.
혹시 내일 오전에 잠깐 늦게 출근해도 될까? 눈치 보이네.
일단 오늘 야근 잘 마무리하고 내일 상황 봐서 팀장님께 말씀드려 봐.
그래야겠다.
우리 모두 힘내요. 야근 수당이라도 제대로 챙겨주면 좋겠는데.
그러게. 그나마 그거라도 위안 삼아야지.
얼른 끝내고 집에 가서 넷플릭스나 봐야겠다."
원치 않는 야근,"아... 벌써 11시네. 슬슬 막차 끊길 시간인데.
진짜 오늘 역대급 야근이다.
내일 당장 써야 하는 자료라서 어쩔 수 없긴 하지만... 너무 힘드네.
팀장님은 아직도 열정적으로 일하고 계시네. 존경스럽기도 하고... 슬프기도 하고...
우리도 팀장님처럼 에너지 넘치게 일하고 싶지만... 이미 방전이야.
이거 마무리하고 집에 가면 새벽 1시는 넘겠지.
내일 아침 회의 어떻게 가지...
혹시 택시 같이 타고 갈 사람 있어요?
저도요.
택시비 나눠서 내면 조금이라도 부담 덜 되겠지.
맞아요.
얼른 끝내고 집에 가서 씻고 바로 자야겠다.
내일은 제발 야근 없기를..."
원치 않는 야근,"어휴... 팀장님 퇴근 안 하시는 거 보니 오늘도 각이네.
저녁도 제대로 못 먹었는데... 벌써 배고프다.
나도. 아까 편의점에서 대충 때웠는데 벌써 꺼졌어.
이거 언제 다 끝내고 퇴근할 수 있을까.
팀장님께 '저 먼저 퇴근하겠습니다'라고 말하고 싶은 용기가 안 나네.
나도. 괜히 눈치 보이고...
그냥 시키는 대로 묵묵히 해야지 뭐.
혹시 뭐 먹고 싶은 거 있어요? 시켜 드릴까요?
저는 괜찮아요. 얼른 일 끝내고 싶은 마음뿐이라.
저도요.
우리 모두 힘내서 최대한 빨리 끝내고 퇴근합시다.
그래요. 파이팅!
집에 가서 따뜻한 물로 샤워하고 푹 자고 싶다..."
원치 않는 야근,"아... 팀장님 또 새로운 업무 지시하시네. 퇴근 전에...
진짜 해도 해도 너무하신다.
이거 내일까지 급한 건가요?
네. 내일 아침 회의 때 보고해야 한다고...
하... 오늘 야근하면 내일 하루 종일 피곤할 텐데.
그러게. 주말에 쉬지도 못했는데...
이 회사 야근 너무 당연하게 생각하는 것 같아.
우리끼리라도 불만을 토로하니 좀 나아지는 것 같기도 하고... 아닌가.
일단 주어진 업무부터 처리해야겠지.
혹시 이 업무 관련해서 도움 필요하신 분 있나요?
저는 괜찮습니다.
저도요.
얼른 끝내고 집에 가서 쉬고 싶다..."
원치 않는 야근,"어휴... 오늘도 야근이다 야근.
내일은 제발 칼퇴근하게 해주세요.
그러게. 소박한 소망인데 왜 이렇게 안 이루어질까.
팀장님은 야근하는 걸 당연하게 생각하시는 것 같아.
정시 퇴근하는 사람이 이상한 건가 싶기도 하고.
우리끼리라도 으쌰으쌰 해서 빨리 끝내자.
혹시 커피 한잔 더 마실 사람?
저요.
따뜻한 아메리카노 한잔 마시고 정신 차려야지.
이 야근 언제쯤 끝날까...
우리 모두 힘내요.
집에 가서 푹 쉬고 내일 또 열심히 일해야지. 씁쓸하네..."
원치 않는 야근,"아... 팀장님 아직 퇴근 안 하셨네. 우리도 글렀다.
오늘따라 시간이 더 안 가는 것 같은 느낌이야.
나만 그런 게 아니었어. 다들 시계만 쳐다보고 있네.
이거 다 끝내려면 밤샐 수도 있겠다.
팀장님께 내일 오전에 중요한 약속 있다고 말씀드려볼까...
괜히 찍힐까 봐 무섭다.
그냥 조용히 일하는 수밖에...
혹시 졸리면 잠깐 휴게실 가서 눈 좀 붙였다 올까요?
그것도 괜찮겠네.
우리 모두 힘내서 얼른 끝내고 퇴근합시다.
그래요. 파이팅!
집에 가서 따뜻한 물로 샤워하고 바로 뻗어야지..."
프로젝트 진행 상황 보고,"팀장님께 이번 주 프로젝트 진행 상황 보고드릴까요?
네 ○○ 씨 지난주 진행 상황부터 간략하게 말씀해주세요
네 지난주에는 기획 단계 마무리하고 디자인 작업 초반 진행했습니다
이번 주는 디자인 작업 마무리하고 개발 단계 시작할 예정입니다
개발 일정은 예상대로 진행될 것 같나요?
현재까지는 큰 문제없이 진행되고 있습니다
혹시 이번 주에 특별히 보고해야 할 이슈 있나요?
네 디자인 수정 관련해서 팀원들과 논의가 좀 필요합니다
어떤 부분인가요?
사용자 인터페이스 관련해서 의견이 조금씩 달라서요"
프로젝트 진행 상황 보고,"○○ 씨 이번 프로젝트 진행 상황 좀 알려주시겠어요?
네 현재까지 계획했던 일정대로 순조롭게 진행되고 있습니다
이번 주에는 어떤 부분을 중점적으로 진행했나요?
주요 기능 개발 완료하고 테스트 진행 중입니다
테스트 결과는 어떻게 나왔나요?
아직 몇 가지 오류가 발견되었지만 수정 작업 진행 중입니다
다음 주까지는 모든 오류 수정 완료할 수 있을까요?
최대한 노력하겠습니다 필요한 경우 추가 인력 투입도 고려하고 있습니다
알겠습니다 다음 주 보고 때 수정 완료된 결과 함께 보고해주세요
네 그렇게 하겠습니다"
프로젝트 진행 상황 보고,"이번 프로젝트 진행 상황 공유하겠습니다
현재까지 목표했던 진척률은 어느 정도인가요?
현재 80% 정도 진행되었습니다
남은 기간 동안 완료 가능할까요?
네 충분히 가능합니다
이번 주에 완료된 주요 작업은 무엇인가요?
데이터베이스 구축 완료 및 연동 테스트까지 마쳤습니다
다음 주 진행 계획은 어떻게 되나요?
프론트엔드 개발 마무리 및 최종 테스트 진행 예정입니다
혹시 예상되는 문제점은 없나요?
현재까지는 특별한 문제점은 없습니다"
프로젝트 진행 상황 보고,"○○○ 씨 이번 주 프로젝트 진행 상황 보고 부탁드립니다
네 현재 디자인 작업 거의 완료 단계입니다
다음 주부터는 개발 작업 본격적으로 시작할 수 있을 것 같습니다
개발팀과 일정 조율은 완료되었나요?
네 개발팀과 협의해서 다음 주 초부터 진행하기로 했습니다
이번 주 디자인 작업 하면서 어려웠던 점은 없었나요?
네 특별히 어려웠던 점은 없었습니다
다음 주 개발 진행 상황도 꾸준히 공유 부탁드립니다
네 알겠습니다"
프로젝트 진행 상황 보고,"팀장님께 현재 프로젝트 진행 상황 간략히 보고 드리겠습니다
현재까지 일정 대비 90% 완료되었습니다
이번 주에는 사용자 테스트 진행했습니다
테스트 결과는 어떻게 나왔나요?
전반적으로 긍정적인 반응입니다 다만 몇 가지 개선 사항이 있었습니다
개선 사항은 모두 반영되었나요?
네 현재 수정 작업 완료했습니다
다음 단계 진행 계획은 어떻게 되나요?
최종 QA 진행 후 배포 준비할 예정입니다"
프로젝트 진행 상황 보고,"○○ 대리 이번 프로젝트 진행 상황 보고해 주세요
네 현재 콘텐츠 제작 거의 완료되었습니다
다음 주부터 검수 작업 진행할 예정입니다
검수 인력은 확보되었나요?
네 관련 부서 협조 받아서 검토 진행할 예정입니다
이번 주 콘텐츠 제작하면서 이슈는 없었나요?
네 특별한 이슈는 없었습니다
검수 완료 후 결과 보고 부탁드립니다
네 알겠습니다"
프로젝트 진행 상황 보고,"이번 프로젝트 진행 상황 말씀드리겠습니다
현재까지 계획했던 일정의 70% 완료했습니다
이번 주에는 서버 구축 작업 완료했습니다
다음 주에는 어플리케이션 개발 시작할 예정입니다
개발팀과 협업은 잘 되고 있나요?
네 원활하게 소통하면서 진행하고 있습니다
다음 주 개발 진행 상황도 공유해주세요
네 알겠습니다"
프로젝트 진행 상황 보고,"신입사원 ○○ 씨 이번 주 프로젝트 진행 상황 보고해 주세요
네 팀장님 이번 주에는 자료 조사 및 분석을 진행했습니다
다음 단계는 무엇인가요?
다음 주부터 본격적으로 보고서 작성에 들어갈 예정입니다
보고서 초안은 언제쯤 나올까요?
다음 주 금요일까지 초안을 제출할 수 있도록 노력하겠습니다
알겠습니다 보고서 작성에 필요한 지원 있으면 언제든 말씀하세요
네 감사합니다 팀장님"
프로젝트 진행 상황 보고,"주임님 이번 프로젝트 진행 상황 보고 부탁드립니다
네 현재 디자인 시안 작업 마무리 단계입니다
다음 주 초까지 최종 시안 확정할 수 있을 것 같습니다
클라이언트 피드백 반영은 완료되었나요?
네 수정 사항 모두 반영 완료했습니다
다음 단계는 어떻게 진행되나요?
다음 단계는 퍼블리싱 작업 진행할 예정입니다"
프로젝트 진행 상황 보고,"과장님께 이번 주 프로젝트 진행 상황 보고 드립니다
현재 개발 진척도는 50%입니다
이번 주에는 핵심 기능 개발 완료했습니다
다음 주 계획은 무엇인가요?
다음 주에는 사용자 인터페이스 개발에 집중할 예정입니다
개발 과정에 어려운 점은 없었나요?
네 현재까지는 특별한 어려움은 없었습니다"
프로젝트 진행 상황 보고,"부장님 이번 프로젝트 진행 상황 보고드리겠습니다
현재까지 일정 대비 95% 완료되었습니다
이번 주 최종 테스트까지 성공적으로 마쳤습니다
다음 단계는 무엇인가요?
다음 주 배포 준비 및 최종 점검 진행할 예정입니다
배포 일정은 확정되었나요?
네 다음 주 수요일로 예정되어 있습니다"
프로젝트 진행 상황 보고,"차장님 이번 프로젝트 진행 상황 보고 부탁드립니다
네 현재 콘텐츠 검토 단계입니다
이번 주까지 모든 콘텐츠 검토 완료할 예정입니다
검토 결과는 어떻습니까?
일부 수정 사항 있지만 전반적으로 양호합니다
다음 단계 진행 계획은 무엇인가요?
다음 단계는 최종 승인 요청 및 배포입니다"
프로젝트 진행 상황 보고,"팀장님께 금주 프로젝트 진행 상황 보고 드립니다
현재 데이터 분석 작업 완료했습니다
다음 주부터 보고서 작성 시작할 예정입니다
보고서 작성 일정은 어떻게 되나요?
다음 주 금요일까지 초안 제출 목표로 하고 있습니다
보고서 관련 필요한 자료 있으시면 말씀해주세요
네 감사합니다"
프로젝트 진행 상황 보고,"대리님 이번 프로젝트 진행 상황 알려주세요
네 현재 디자인 수정 작업 진행 중입니다
클라이언트의 추가 요구 사항 반영하고 있습니다
수정 완료 예상 시점은 언제인가요?
다음 주 초까지 완료할 수 있을 것 같습니다
수정 작업에 어려움은 없나요?
네 현재까지는 큰 어려움 없이 진행 중입니다"
프로젝트 진행 상황 보고,"부장님께 현재 프로젝트 진행 상황 보고 드리겠습니다
현재까지 일정 대비 70% 완료되었습니다
이번 주에는 서버 안정화 작업 진행했습니다
다음 주 개발 계획은 무엇인가요?
다음 주에는 신규 기능 개발 진행할 예정입니다
개발팀 협조는 잘 이루어지고 있나요?
네 원활하게 협업하고 있습니다"
프로젝트 진행 상황 보고,"주임님 이번 주 프로젝트 진행 상황 보고 부탁드립니다
네 현재 테스트 케이스 작성 완료했습니다
다음 주부터 본격적인 테스트 진행할 예정입니다
테스트 기간은 얼마나 예상하고 있나요?
최소 1주일 정도 예상하고 있습니다
테스트 진행 상황 꾸준히 공유 부탁드립니다
네 알겠습니다"
프로젝트 진행 상황 보고,"상무님께 현재 프로젝트 진행 상황 보고드리겠습니다
현재까지 계획 대비 85% 완료되었습니다
이번 주 사용자 피드백 반영 완료했습니다
다음 단계는 최종 검토 및 배포 준비입니다
배포 예정일은 언제로 보고 계십니까?
다음 달 초로 예상하고 있습니다"
갑질 하소연,"아... 진짜 너무 힘들어. 팀장님 왜 저한테만 이러시는지 모르겠어.
또 무슨 일 있으셨어요?
오늘 회의 때 사람들 다 있는데 저한테만 엄청 심하게 뭐라고 하시는 거야.
진짜 해도 해도 너무하시다.
제가 뭘 그렇게 잘못했는지도 모르겠고... 너무 속상해.
혹시 다른 동료들한테도 그러세요?
아니. 이상하게 저한테만 유독 그러시는 것 같아.
혹시 팀장님께 직접 말씀드려 보셨어요?
몇 번 시도했는데 들으려고도 안 하셔. 더 화만 내시고.
너무 힘드시겠네요... 저희가 옆에서 뭐 도울 일 없을까요?
얘기 들어주시는 것만으로도 너무 감사해요.
혼자 끙끙 앓지 마세요. 저희가 항상 같이 있어요.
고마워요... 덕분에 조금 나아진 것 같아요."
갑질 하소연,"야... 너 아까 표정 완전 안 좋던데 무슨 일 있었어?
차장님이 또...
또 뭐라고 하셨어? 진짜 해도 너무하신다.
오늘 업무 지시하시면서 인격 모독하는 발언까지 하시는 거야.
진짜 너무 심하시다... 녹음이라도 해 둬야 하는 거 아니야?
그러고 싶은 심정 굴뚝같지만... 괜히 더 피곤해질까 봐.
혹시 다른 사람들한테도 그러셔?
응. 몇몇 사람들한테는 똑같이 하시는 것 같아.
이거 완전 직장 내 괴롭힘 아니야?
맞아... 근데 어떻게 해야 할지 모르겠어.
저희한테라도 속 시원하게 다 얘기해요. 듣고만 있어도 좀 나아질 거예요.
고마워... 얘기 들어줘서."
갑질 하소연,"어휴... 진짜 ○○○ 씨 너무 힘드시겠다.
네... 부장님이 어제부터 계속 저한테만 화풀이하시는 것 같아요.
왜 그러시는 건데요?
저도 잘 모르겠어요. 그냥 제 모든 게 다 마음에 안 드시는 것 같아요.
너무 스트레스받지 마세요. 부장님 원래 좀 감정 기복 심하시잖아요.
그래도 이건 좀 심한 것 같아요.
혹시 다른 동료분들은 뭐라고 안 하세요?
다들 안쓰러워하면서도 괜히 휘말릴까 봐...
저희한테라도 힘든 거 있으면 다 얘기하세요.
들어주셔서 감사합니다... 진짜 너무 힘드네요.
저희도 가만히 있으면 안 될 것 같은데...
일단 ○○○ 씨 마음부터 추스르는 게 먼저예요."
갑질 하소연,"아 진짜 짜증나. 팀장 그 인간 또 시작이야.
또 뭐라 그래? 진짜 질린다.
오늘 아침부터 사람 기분 잡치게 하네.
무슨 말 했길래 그래?
별것도 아닌 걸로 트집 잡고 난리야.
진짜 너무 스트레스 받아.
혹시 녹음 같은 거 해 뒀어?
아니 없어. 생각도 못 했네.
다음부터라도 꼭 해 둬. 증거가 있어야 해.
하... 진짜 회사 다니기 싫다."
갑질 하소연,"야 ○○아 너 괜찮아? 아까 부장님한테 엄청 혼났다며.
어휴... 말도 마. 진짜 너무 심해.
무슨 일 있었는데?
내가 실수 좀 하긴 했는데 그렇게까지...
진짜 해도 너무하시다. 사람 기분 완전 망치네.
혹시 다른 사람들한테도 그래?
응 몇몇 사람들한테는 똑같이 해.
이거 완전 갑질 아니냐?
맞아. 근데 뭐 어쩌겠어. 힘없는 우리만 당하지.
너무 힘들어하지 마. 우리라도 옆에서 위로해 줄게.
고맙다..."
갑질 하소연,"어휴... ○○○ 씨 오늘 힘들어 보이시네요. 무슨 일 있으세요?
네... 과장님이 계속 저한테만 뭐라고 하셔서요.
또요? 진짜 너무하시네.
제가 뭘 그렇게 잘못했는지 모르겠어요.
혹시 다른 동료들한테도 그러세요?
아니요 저한테만 유독 심하게 하시는 것 같아요.
너무 속상해하지 마세요. 저희가 옆에 있잖아요.
얘기 들어주셔서 감사합니다..."
갑질 하소연,"○○○ 대리님 괜찮으세요? 아까 팀장님 목소리가 너무 크던데요.
네... 뭐... 그냥 좀 그랬어요.
무슨 일 있었는데요?
제가 보고서를 좀 늦게 제출했더니...
아무리 그래도 그렇게까지 화내시는 건 좀...
맞아요. 저도 듣기 불편했어요.
혹시 많이 힘드세요?
네... 솔직히 좀 지치네요.
너무 힘들어하지 마세요. 저희가 있잖아요."
갑질 하소연,"야 너 아까 표정 왜 그렇게 안 좋아? 무슨 일 있었어?
이사님이 또...
또 뭐라 하셨어? 진짜 인간적으로 너무하다.
오늘 회의 때 사람들 앞에서 완전 망신을 주시더라고.
진짜 너무 심하시네.
혹시 다른 사람들한테도 그래?
응. 몇몇 사람들은 똑같이 당해.
이거 완전 갑질인데...
맞아... 근데 우리가 뭘 할 수 있겠어.
너무 힘들어하지 마. 우리가 옆에 있잖아."
갑질 하소연,"○○ 씨 오늘 기분 안 좋아 보이네. 무슨 일 있었어?
네... 부장님이 자꾸 터치하셔서 너무 힘들어요.
또 뭐 때문에 그러셔?
제가 하는 일마다 사사건건 간섭하시고...
진짜 너무 스트레스 받겠다.
혹시 다른 사람들한테도 그래?
아니요 저한테만 유독 그러시는 것 같아요.
너무 힘들어하지 마세요. 저희가 응원하고 있어요.
고맙습니다..."
갑질 하소연,"○○○ 주임님 괜찮으세요? 아까 팀장님한테 엄청 혼나셨다면서요.
네... 제가 좀 실수를 해서...
아무리 그래도 그렇게까지...
맞아요. 저도 너무 놀랐어요.
혹시 많이 힘드세요?
네... 솔직히 좀 속상하네요.
너무 자책하지 마세요."
갑질 하소연,"아... 진짜 이 회사 다니는 거 너무 지친다.
또 팀장님 때문에 그래?
응. 오늘도 별것도 아닌 걸로 엄청 짜증 내시네.
진짜 너무 힘드시겠다.
저한테만 유독 심하게 그러시는 것 같아.
혹시 다른 동료들은 뭐라고 안 해?
다들 그냥 안쓰러워하는 정도?
너무 힘들어하지 마. 우리라도 옆에서 힘이 되어줄게.
고마워... 너희들밖에 없다 정말.
힘내. 어떻게든 잘 해결될 거야."
갑질 하소연,"야... 너 오늘 얼굴 완전 흙빛인데 무슨 일 있었어?
부장님이 또...
또 뭐라 하셨어? 진짜 인간적으로 너무하다.
오늘 아침부터 계속 갈구시네.
진짜 듣는 내가 다 스트레스받네.
혹시 다른 사람한테도 그러셔?
응. 몇몇 사람들은 똑같이 당해.
이거 완전 직장 내 괴롭힘 아니냐?
맞아... 근데 신고해도 소용없을 것 같고.
너무 힘들어하지 마. 우리끼리라도 위로해 주자.
고맙다..."
갑질 하소연,"어휴... ○○○ 씨 오늘 힘들어 보이시네요. 무슨 일 있으세요?
네... 과장님이 계속 저한테만 압박을 주셔서요.
또요? 진짜 너무하시네.
제가 뭘 그렇게 잘못했는지 모르겠어요.
혹시 다른 동료들한테도 그러세요?
아니요 저한테만 유독 그러시는 것 같아요.
너무 힘들어하지 마세요. 저희가 응원하고 있어요.
얘기 들어주셔서 감사합니다..."
갑질 하소연,"○○○ 대리님 괜찮으세요? 아까 팀장님 목소리가 너무 크던데요.
네... 뭐... 그냥 좀 피곤하네요.
무슨 일 있었는데요?
제가 업무 보고를 좀 버벅거렸더니...
아무리 그래도 그렇게까지...
맞아요. 저도 듣기 민망했어요.
혹시 많이 힘드세요?
네... 솔직히 좀 기운이 없네요.
너무 힘들어하지 마세요. 저희가 있잖아요."
갑질 하소연,"야 너 아까 표정 왜 그렇게 안 좋아? 무슨 일 있었어?
이사님이 또...
또 뭐라 하셨어? 진짜 해도 해도 너무하다.
오늘 점심시간에도 불러서 잔소리하시더라고.
진짜 밥맛 떨어지겠다.
혹시 다른 사람들한테도 그래?
응. 몇몇 사람들은 똑같이 힘들어해.
이거 완전 갑질인데...
맞아... 하...
너무 힘들어하지 마. 우리끼리라도 푸념하자."
갑질 하소연,"○○ 씨 오늘 기분 안 좋아 보이네. 무슨 일 있었어?
네... 부장님이 자꾸 쓸데없는 걸 시키셔서 너무 짜증 나요.
또 뭐 때문에 그러셔?
정말 중요하지도 않은 일인데 자꾸 저한테만 시키시네요.
진짜 스트레스 엄청나겠다.
혹시 다른 사람들한테도 그래?
아니요 저한테만 유독 그러시는 것 같아요.
너무 힘들어하지 마세요.
고맙습니다..."
갑질 하소연,"○○○ 주임님 괜찮으세요? 아까 팀장님한테 엄청 혼나셨다면서요.
네... 제가 서류 작업을 좀 잘못해서...
아무리 그래도 그렇게까지...
맞아요. 저도 너무 놀랐어요.
혹시 많이 힘드세요?
네... 솔직히 좀 자괴감 드네요.
힘내세요. 저희가 응원 할게요."
갑질 하소연,"아... 진짜 오늘따라 더 힘든 것 같아.
또 상사 때문에 그래?
응. 오늘 완전 감정 쓰레기통 된 기분이야.
진짜 너무 힘드시겠다.
저한테만 왜 이렇게 유독 모질게 구시는지 모르겠어.
혹시 다른 동료들은 뭐라고 안 해?
다들 그냥 안쓰러워하는 눈치야.
너무 힘들어하지 마. 우리가 옆에서 위로해 줄게.
고마워..."
갑질 하소연,"야... 너 아까 회의 끝나고 표정 안 좋던데 무슨 일 있었어?
차장님이 또...
또 뭐라 하셨어? 진짜 해도 너무하시네.
오늘 회의 내용 정리하라고 엄청 압박하시네.
진짜 숨 막히겠다.
혹시 다른 사람들한테도 그래?
응. 몇몇 사람들은 똑같이 힘들어해.
이거 완전 갑질인데...
맞아... 하... 그냥 버텨야지 뭐.
너무 힘들어하지 마. 우리끼리라도 얘기하면서 풀자."
갑질 하소연,"○○ 씨 오늘 기분 안 좋아 보이네. 무슨 일 있었어?
네... 부장님이 자꾸 불필요한 보고서를 시키셔서 너무 짜증 나요.
또 뭐 때문에 그러셔?
시간 낭비인 것 같은데 계속 시키시네요.
진짜 스트레스 장난 아니겠다.
혹시 다른 사람들한테도 그래?
아니요 저한테만 유독 그러시는 것 같아요.
너무 마음쓰지 마세요.
고맙습니다..."
신입 시절 회상,"와 벌써 우리가 햇병아리 벗어난 지도 꽤 됐네.
그러게. 시간 참 쏜살같아. 마치 어제 일 같은데.
난 그때 정말이지 아무것도 몰라서 허둥지둥댔었지.
나도. 복사 용지 넣는 법 몰라 윗분께 꾸지람 들었던 기억이 생생해.
나는 전화 응대가 제일 난관이었어. 무슨 말을 해야 할지 늘 떨렸지.
맞아 맞아. 엉뚱한 곳 연결해서 곤란했던 적 한두 번 아니었지.
그때 돌이켜보면 참 미숙했어 우리 모두.
그럼에도 그때는 패기와 열정으로 가득했던 시절이지 않았나 싶어.
맞아. 지금은 세상의 풍파를 너무 많이 겪었어...
가끔 그 시절 떠올리면 웃음도 나고 왠지 뭉클하기도 해."
신입 시절 회상,"우리 처음 OT 갔을 때 분위기 엄청 서먹서먹했잖아.
맞아. 서로 눈치만 보고 제대로 대화도 못 나눴지.
나는 그때 발표 차례에 다리가 후들거렸던 기억이 선명해.
나는 단체 사진 촬영 때 시선 둘 곳을 몰라 어색하게 웃었지.
정말이지 신참 시절은 모든 게 낯설고 어려웠어.
그럼에도 그때 동기들끼리 똘똘 뭉쳐 서로에게 힘이 되었잖아.
맞아. 고될 때 서로 다독이고 격려하며 버텼지.
그때 그 동기들과는 아직도 꾸준히 연락하며 지내?
응. 가끔 만나 그 시절 이야기 나누면 배꼽 빠지게 웃겨.
그때를 생각하면 지금 우리가 이렇게 성장한 것도 신기해."
신입 시절 회상,"나 새내기 때 첫 회식 자리에서 술 엄청나게 마셨던 거 기억나?
어렴풋이. 완전히 정신 놓고 다음 날 숙취로 고생했었지.
나는 그때 실수로 직속 상사에게 반말했던 흑역사가 아직도 떠올라 괴로워.
나는 서류 잘못 결재받아 감사팀에 불려 갔었잖아.
진짜 신입 시절은 예측불허의 사건들 투성이였어.
그럼에도 그때 윗분들이 잘 이끌어주셔서 버틸 수 있었지.
맞아. 좋은 멘토들을 만난 건 정말이지 행운이었어.
요즘 우리 밑에 들어온 새 직원들 보면 옛날 생각 많이 들지 않아?
응. 보면 짠하기도 하고 진심으로 응원해주고 싶고.
우리도 이제 좋은 본보기가 되어주자."
신입 시절 회상,"우리 수습 때 연수받던 거 기억나? 강의 진짜 지루했었는데.
맞아. 쏟아지는 졸음을 참느라 눈꺼풀이 천근만근이었지.
나는 그때 옆자리 동기와 몰래 딴짓하다가 강사 눈에 띄어 망신당했잖아.
나는 발표 너무 형편없어서 사람들 앞에서 얼굴 붉혔던 기억이 나.
정말이지 새내기 시절은 좌충우돌의 연속이었어.
그럼에도 그때 배우고 익힌 지식들이 지금 생각하면 큰 자산이 되었어.
맞아. 그때 탄탄하게 기초를 다져놔야 지금 업무가 수월하지.
우리 후배들 교육할 때 좀 더 세심하게 챙겨줘야겠다.
맞아. 우리처럼 우왕좌왕하지 않도록 제대로 가르쳐줘야지.
그때 사진 보면 우리 참 풋풋했어."
신입 시절 회상,"나 인턴 때 회사 건물 구조가 너무 복잡해서 길 잃었던 거 알아?
어 기억나. 완전 심각한 길치였잖아 너.
나는 휴게실 위치를 몰라 윗사람에게 엉뚱한 질문했었지.
나는 커피조차 제대로 못 타서 동기들에게 맛없다고 핀잔 듣고.
정말이지 사회 초년생 시절은 매 순간이 난관이었어.
그럼에도 그때 실수들을 통해 값진 경험을 얻었잖아.
맞아. 넘어지고 깨지면서 성장하는 거지 뭐.
우리 후배들 실수해도 너무 엄하게 질책하진 말자.
맞아. 우리도 다 그런 시절 겪었으니까.
그때 생각하면 지금은 정말 많이 능숙해졌어."
신입 시절 회상,"우리 신입 때 첫 월급 받고 얼마나 좋아했었지?
맞아. 비록 얼마 안 됐지만 그땐 세상 전부를 가진 기분이었어.
나는 부모님께 용돈 드리고 얼마나 뿌듯했는지 몰라.
나는 동기들이랑 맛있는 거 사 먹으면서 자축했었지.
진짜 그때는 작은 것 하나에도 감동하고 기뻐했었어.
지금은 월급날이 그냥 스쳐 지나가는 하루가 됐지만.
맞아. 그때의 순수한 기쁨은 이제 느끼기 힘든 것 같아.
우리 후배들 첫 월급 받으면 같이 축하해 주자.
좋아. 그때 우리 기분 떠올리면서.
그때 생각하면 참 설렜었지."
신입 시절 회상,"나 신입 때 회식 자리에서 춤 시켜서 얼마나 당황했었는지 몰라?
어 기억나. 완전 로봇처럼 뻣뻣하게 췄었지.
나는 노래방 가서 음치인 거 들통나서 얼마나 창피했는지 몰라.
나는 윗사람 농담에 제대로 못 웃어서 분위기 싸하게 만들고.
진짜 신입 때는 병아리 라니까.
그래도 그때 어른들 틈에서 살아남으려고 애썼잖아.
맞아. 사회생활의 쓴맛 단맛 다 봤지.
우리 후배들 회식 자리에서 너무 강요하지 말자.
맞아. 편안하게 어울릴 수 있도록 배려해야지.
그때 생각하면 우리 참 어색했어."
신입 시절 회상,"우리 신입 때 보고서 작성하는 법 몰라서 얼마나 답답했었지?
맞아. 서식도 제대로 못 맞추고 횡설수설 쓰고.
나는 그때 보고서 오타 때문에 팀장님께 엄청 혼났었지.
나는 참고 자료 찾는 법을 몰라서 엉뚱한 자료만 뒤지고.
진짜 신입 때는 모든 업무가 숙제 같았어.
그래도 그때 보고서 작성 요령 제대로 배워둬서 지금은 편하잖아.
맞아. 그때 꼼꼼하게 배워두길 정말 잘했어.
우리 후배들 보고서 작성 어려워하면 적극적으로 도와주자.
좋아. 우리 경험 바탕으로 쉽게 설명해주자.
그때 생각하면 우리 참 서툴렀어."
신입 시절 회상,"나 신입 때 클라이언트 앞에서 실수해서 얼마나 얼굴 붉혔었는지 몰라?
어 기억나. 중요한 정보 빠뜨려서 난리 났었지.
나는 프레젠테이션하다가 말문 막혀서 식은땀 흘리고.
나는 회의 시간에 엉뚱한 질문해서 분위기 이상하게 만들고.
진짜 신입 때는 흑역사야.
그래도 그때의 경험 덕분에 지금은 긴장 덜 하고 잘하잖아.
맞아. 그때 담력 훈련 제대로 했지 뭐.
우리 후배들 클라이언트 응대 어려워하면 옆에서 많이 도와주자.
좋아. 실제 경험 위주로 조언해주자.
그때 생각하면 우리 참 용감했어."
신입 시절 회상,"우리 신입 때 사수한테 얼마나 많이 물어봤었지?
맞아. 귀찮게 할까 봐 눈치 보면서도 계속 질문하고.
나는 그때 사수한테 똑같은 거 계속 물어봐서 엄청 혼났었지.
나는 사수 퇴근 안 하면 나도 퇴근 못 하는 줄 알고 늦게까지 남아있고.
진짜 신입 때는 모든 게 조심스러웠어.
그래도 그때 사수가 친절하게 잘 알려줘서 금방 적응했잖아.
맞아. 좋은 사수 만난 건 정말 복이었어.
우리 후배들 질문하면 귀찮아하지 말고 친절하게 답변해주자.
좋아. 우리도 좋은 사수 되어주자.
그때 생각하면 우리 참 간절했어."
회식에서 있었던 일,"야 어제 회식 진짜 재밌었지?
응 완전 꿀잼. 덕분에 스트레스 확 풀렸어.
특히 부장님 춤추시는 거 봤어? 진짜 빵 터졌잖아.
맞아 맞아. 완전 반전 매력이셨어.
나는 옆 테이블 팀이랑 술 게임하다가 완전 뻗었잖아.
어휴 너 진짜... 내가 겨우 데리고 나왔다니까.
미안... 너무 신났었나 봐.
그래도 다 같이 웃고 즐거웠으면 된 거지 뭐.
오늘 다들 괜찮으려나? 숙취 때문에 고생하는 사람 많을 텐데.
그러게. 나도 속이 좀 안 좋긴 해."
회식에서 있었던 일,"어제 회식 때 ○○○ 씨 완전 인기 많던데?
응? 내가 뭐 특별한 거 했어?
아니 노래도 잘 부르고 분위기도 엄청 잘 띄우고.
아 그냥 좀 신났었어. 다들 즐거워하니까 나도 좋고.
팀장님도 엄청 좋아하시던데?
응 덕분에 칭찬도 받고 기분 좋았어.
나는 어제 옆에 앉은 선배랑 이야기 많이 해서 좋았어.
평소에 업무 얘기만 하다가 사적인 얘기 나누니까 더 가까워진 느낌?
맞아. 회식의 순기능이지.
다음 회식도 기대된다."
회식에서 있었던 일,"어제 회식 음식 진짜 맛있었지? 특히 그 곱창전골 최고.
인정. 술안주로 완전 딱이었어.
나는 육회도 너무 맛있어서 계속 먹었잖아.
나도. 평소에 잘 못 먹는 비싼 음식 실컷 먹어서 좋았어.
술 종류도 다양해서 좋았고.
맞아. 덕분에 여러 가지 술 맛봤네.
근데 마지막에 너무 과음한 것 같아. 오늘 좀 힘드네.
나도. 괜히 섞어 마셨어.
다음 회식 때는 적당히 마셔야지. 다짐만 몇 번째인지...
그래도 맛있는 거 먹고 즐거웠으면 된 거지 뭐."
회식에서 있었던 일,"어제 회식 때 게임하다가 벌칙 당한 사람 누구더라?
○○ 씨랑 △△ 씨 완전 웃겼잖아.
맞아. 얼굴에 낙서하고 춤추고 난리도 아니었지.
나는 옆에서 구경하면서 엄청 웃었어.
덕분에 분위기가 더 화기애애해졌잖아.
맞아. 다 같이 웃으니까 좋더라.
오늘 아침에 다들 멀쩡한 척하느라 고생 좀 하겠네.
그러게. 어제 너무 불태웠어.
다음 회식 때 또 어떤 게임 할지 벌써 기대된다.
나는 제발 평범한 게임 했으면 좋겠어."
회식에서 있었던 일,"어제 회식 때 막차 놓친 사람 꽤 많았던 것 같던데?
응 나도 택시 잡느라 엄청 고생했어.
나는 아예 근처에서 자고 출근했어.
그게 제일 현명한 선택이었을 수도.
대리운전 부르려고 했는데 너무 안 잡히더라.
나도. 결국 새벽 돼서야 집에 들어갔어.
오늘 지각하는 사람 꽤 있겠는데?
그러게. 팀장님께 미리 말씀드려야 하나.
다음 회식 때는 대중교통 끊기기 전에 헤어지는 걸로 하자.
제발 그러자..."
돈 빌리기,"저기 혹시 급하게 돈 빌릴 수 있을까?
얼마나 필요하신데요?
이번 달 월급날까지 5만 원만 빌려줄 수 있을까?
5만 원이요? 갑자기 무슨 일이 있으세요?
이번 달 지출이 좀 많아서... 월급 받으면 바로 갚을게.
네 알겠습니다 잠시만요
여기 5만 원이요
정말 고마워! 덕분에 한숨 돌렸다.
다음에 꼭 갚을게.
별말씀을요 힘든 일 있으시면 언제든 말씀하세요."
돈 빌리기,"혹시 잠깐 시간 괜찮으세요?
네 무슨 일이세요?
다름이 아니라 혹시 돈 좀 빌릴 수 있을까 해서요.
얼마나 필요하신데요? 그리고 언제까지 갚으실 수 있으세요?
10만 원 정도 빌리고 싶은데 다음 달 초에 월급 받으면 바로 갚을 수 있어요.
음... 10만 원이면 저한테도 조금 부담이 되긴 하는데...
정말 급해서 그러는데 안 될까요?
알겠습니다. 빌려드릴게요.
정말 감사합니다! 잊지 않고 꼭 갚을게요."
돈 빌리기,"저... 혹시 실례가 안 된다면 돈 좀 빌릴 수 있을까요?
갑자기 무슨 일이세요?
다름이 아니라 급하게 돈이 좀 필요해서요.
얼마나 필요하신데요?
3만 원만 빌려주시면 정말 감사하겠습니다.
3만 원이요? 언제까지 갚으실 수 있으세요?
이번 주 안으로 꼭 갚겠습니다.
알겠습니다. 잠시만 기다리세요."
돈 빌리기,"혹시 저한테 돈 좀 빌려주실 수 있으세요?
얼마나 필요하신데요?
2만 원만 빌려주시면 감사하겠습니다.
2만 원이요? 어디에 쓰시려고요?
급하게 교통비가 좀 부족해서요.
아... 그러시군요. 잠시만요."
돈 빌리기,"저기 혹시 급하게 그런데 돈 좀 빌려줄 수 있어?
얼마나 필요한데?
만 원만 빌려주면 진짜 고맙겠어.
만 원? 무슨 일 있어?
지갑을 잃어버려서...
아이고... 여기 만 원. 힘내."
돈 빌리기,"김 주임님 혹시 급하게 여쭤볼 게 있는데요. 실례가 안 된다면 돈 좀 빌릴 수 있을까요?
박 대리님 얼마나 필요하신데요? 무슨 급한 일이라도 있으세요?
네 다름이 아니라 이번 달 개인적인 지출이 좀 많아서 다음 월급날까지 7만 원 정도만 빌려주시면 정말 감사하겠습니다.
음... 7만 원이시면 흔쾌히 빌려드릴 수 있습니다.
정말 감사합니다 김 주임님! 월급 받으면 바로 갚겠습니다.
네 잊지 마시고요. 혹시 다른 어려움 있으시면 언제든 말씀하세요 박 대리님.
네 감사합니다.
별말씀을요.
다음에 커피라도 한번 살게요.
좋습니다. 잘 해결되길 바랍니다."
돈 빌리기,"최 대리님께 조심스럽게 여쭤봅니다. 혹시 개인적으로 돈 좀 빌릴 수 있을까요?
이선배님 갑자기 무슨 일이세요? 얼마나 필요하신데요?
네 다름이 아니라 갑자기 예상치 못한 지출이 생겨서 그런데 3만 원만 빌려주시면 정말 감사하겠습니다.
3만 원이시군요. 급하신 거라면 빌려드릴 수 있습니다. 언제쯤 갚으실 수 있으세요?
다음 주 금요일까지 꼭 갚겠습니다.
알겠습니다. 잠시만 기다리세요 이선배님.
정말 감사합니다 최 대리님!
천만에요.
덕분에 정말 마음이 놓입니다.
다음에 맛있는 거라도 한번 사주세요.
그렇게 하겠습니다."
돈 빌리기,"박 과장님께 실례를 무릅쓰고 부탁드립니다. 혹시 개인적으로 급하게 돈 좀 빌릴 수 있을까요?
김 대리님 무슨 일이십니까? 얼마나 필요하신지요?
네 다름이 아니라 갑자기 부모님 병원비가 급하게 필요해서 그러는데 20만 원만 빌려주시면 정말 감사하겠습니다.
20만 원... 적지 않은 금액이긴 합니다만 급하신 일이라고 하시니 빌려드리겠습니다. 언제쯤 변제 가능하실까요?
다음 달 월급날에 꼭 갚겠습니다. 정말 죄송하고 감사합니다 박 과장님.
알겠습니다. 힘든 일 있으시면 혼자 끙끙 앓지 마시고 말씀하세요 김 대리님.
정말 감사합니다.
천만에요.
덕분에 큰 도움 받았습니다.
별말씀을요. 잘 해결되시길 바랍니다."
돈 빌리기,"최 차장님께 조심스럽게 여쭤봅니다. 혹시 개인적으로 급하게 소액만 빌릴 수 있을까요?
윤 주임님 얼마나 필요하신데요?
네 다름이 아니라 오늘 점심값이 조금 부족해서 그런데 만 원만 빌려주시면 정말 감사하겠습니다.
만 원이시군요. 급하시면 빌려드릴 수 있습니다.
정말 감사합니다 최 차장님!
별말씀을요.
덕분에 점심 굶지 않아도 되겠네요.
다음에 꼭 갚겠습니다."
돈 빌리기,"부장님께 죄송한 말씀 올립니다. 혹시 개인적으로 급하게 돈 좀 빌릴 수 있을까요?
강 대리 무슨 일인가? 얼마나 필요한가?
네 다름이 아니라 갑자기 차량 수리비가 예상보다 많이 나와서 그런데 50만 원만 빌려주시면 정말 감사하겠습니다.
50만 원... 큰 금액이군. 언제쯤 변제 가능한가?
두 달 안에 꼭 갚겠습니다. 정말 죄송합니다 부장님.
알았다. 급한 일이라면 빌려주도록 하지. 힘내게 강 대리.
정말 감사합니다 부장님!
그래. 잘 해결하도록 하게.
덕분에 정말 큰 도움 받았습니다.
알겠네."
돈 빌리기,"팀장님께 조심스럽게 여쭤봅니다. 혹시 개인적으로 급하게 돈 좀 빌릴 수 있을까요?
박 주임 무슨 일이야?
네 다름이 아니라 갑자기 조카 결혼식 축의금이 부족해서 그러는데 15만 원만 빌려주시면 정말 감사하겠습니다.
결혼식 축의금이시군요. 빌려드릴 수 있습니다. 언제쯤 갚으실 수 있으세요?
다음 달 월급날에 바로 갚겠습니다. 감사합니다 팀장님.
그래 알겠네. 좋은 일에 쓰도록 하게 박 주임.
정말 감사합니다.
천만에.
덕분에 체면 유지할 수 있겠네요.
잘 다녀오게."
돈 빌리기,"이사님께 실례를 무릅쓰고 여쭤봅니다. 혹시 개인적으로 급하게 소액만 빌릴 수 있을까요?
최 대리 무슨 일인가? 얼마나 필요한가?
네 다름이 아니라 오늘 갑자기 현금이 조금 필요한데 2만 원만 빌려주시면 정말 감사하겠습니다.
2만 원이라면 급하게 쓰도록 하게.
정말 감사합니다 이사님!
그래.
덕분에 급한 불 껐습니다.
수고하게."
돈 빌리기,"상무님께 조심스럽게 여쭤봅니다. 혹시 개인적으로 돈 좀 빌릴 수 있을까요?
김 과장 무슨 일인가?
네 다름이 아니라 갑자기 개인적인 사정으로 10만 원만 빌려주시면 정말 감사하겠습니다.
10만 원이군. 언제쯤 갚을 수 있나?
다음 달 초에 꼭 갚겠습니다.
알겠네. 급한 일 잘 처리하게 김 과장.
정말 감사합니다 상무님.
그래."
돈 빌리기,"본부장님께 죄송한 말씀 드립니다. 혹시 개인적으로 급하게 돈 좀 빌릴 수 있을까요?
이 대리 무슨 일인가?
네 다름이 아니라 갑자기 급하게 병원비가 필요해서 30만 원만 빌려주시면 정말 감사하겠습니다.
30만 원... 알겠네. 힘든 일 있으면 언제든 이야기하게 이 대리.
정말 감사합니다 본부장님.
그래."
돈 빌리기,"사장님께 감히 여쭤봅니다. 혹시 개인적으로 급하게 소액만 빌릴 수 있을까요?
박 주임 무슨 일인가?
네 다름이 아니라 오늘 점심 식사할 현금이 부족해서 만 원만 빌려주시면 정말 감사하겠습니다.
만 원이라면 급하게 쓰도록 하게 박 주임.
정말 감사합니다 사장님.
그래."
알바비 가불,"사장님 저 이번 주 알바비 미리 받을 수 있을까요?
이번 주 알바비 전부 다 말씀하시는 건가요?
아니요 5만 원만 먼저 받을 수 있을까요?
혹시 급한 일이라도 있으신가요?
네 갑자기 돈이 좀 필요해서요
알겠습니다 잠시만 기다려보세요
정말 감사합니다 사장님
다음부터는 미리 말씀해주세요
네 죄송합니다"
알바비 가불,"사장님께 여쭤볼 게 있는데요
무슨 일인가요?
다름이 아니라 알바비 조금만 미리 받을 수 있을까요?
얼마나 필요하신데요?
3만 원만 먼저 받을 수 있을까요?
음... 3만 원이라면 그렇게 하죠
정말 감사합니다 사장님!"
알바비 가불,"사장님 저 알바비 가불 가능할까요?
가불이요? 얼마나 필요하신데요?
2만 원만 미리 받을 수 있을까요?
이번 달에 무슨 일 있으세요?
네 용돈이 다 떨어져서요
알겠습니다 잠깐만 기다려요"
알바비 가불,"사장님 저 알바비 조금만 미리 주시면 안 될까요?
얼마나 필요한데요?
만원만 먼저 받을 수 있을까요?
갑자기 왜 그러시죠?
친구 생일 선물을 사야 해서요
알겠습니다 여기 있습니다"
알바비 가불,"사장님 저 알바비 가불 돼요?
가불이요?
네 조금만 미리 받고 싶은데요
얼마나 필요하신데요?
5천 원만 미리 받을 수 있을까요?
네 그렇게 하세요"
알바비 가불,"사장님 저 이번 주 알바비 좀 미리 받을 수 있을까요?
이번 주 급여 말씀이신가요?
네 4만 원만 먼저 받을 수 있을까요?
혹시 무슨 급한 사정이라도 있으신가요?
네 교통비가 좀 부족해서요
알겠습니다 잠시만 기다리세요
정말 감사합니다 사장님
다음부터는 미리미리 챙기도록 하세요
네 알겠습니다"
알바비 가불,"사장님께 조심스럽게 여쭤봅니다
무슨 일 있으신가요?
다름이 아니라 알바비 일부만 먼저 받을 수 있을까요?
얼마나 필요하신데요?
7만 원 정도 미리 받을 수 있을까요?
음... 7만 원이면 조금 그런데...
정말 급해서 그러는데 안 될까요?
알겠습니다 잠시만 기다려보세요"
알바비 가불,"사장님 저 알바비 미리 좀 받고 싶은데요
얼마나 필요하신데요?
6만 원만 먼저 받을 수 있을까요?
이번 달에 무슨 특별한 일이라도 있으세요?
네 개인적인 사정이 좀 있어서요
알겠습니다 잠시만 기다려 보세요"
알바비 가불,"사장님 저 알바비 조금만 미리 받을 수 없을까요?
얼마나 필요하신데요?
3만 5천 원만 먼저 받을 수 있을까요?
갑자기 돈이 필요한 이유라도 있으신가요?
네 급하게 책을 사야 해서요
알겠습니다 여기 있습니다"
알바비 가불,"사장님 저 알바비 가불 가능할까요?
가불이요? 얼마나 필요하신데요?
2만 5천 원만 미리 받고 싶습니다
이번 주에 무슨 일이 있으신가요?
네 친구랑 약속이 있어서요
알겠습니다 잠시만 기다리세요"
알바비 가불,"사장님 저 알바비 조금만 앞당겨 받을 수 있을까요?
얼마나 필요하신데요?
4만 5천 원만 먼저 받을 수 있을까요?
혹시 무슨 사정이라도 있으신가요?
네 부모님께 용돈을 드려야 해서요
알겠습니다 잠시만 기다리세요"
알바비 가불,"사장님 저 알바비 가불 안 될까요?
가불이요?
네 조금만 미리 받고 싶은데요
얼마나 필요하신데요?
1만 5천 원만 미리 받을 수 있을까요?
네 그렇게 하세요"
알바비 가불,"사장님 저 알바비 좀 미리 받을 수 있을까요?
이번 주 급여 말씀이신가요?
네 5만 5천 원만 먼저 받을 수 있을까요?
혹시 무슨 급한 사정이라도 있으신가요?
네 동생 생일 선물을 사야 해서요
알겠습니다 잠시만 기다리세요"
알바비 가불,"사장님께 여쭤볼 게 있습니다
무슨 일이시죠?
다름이 아니라 알바비 일부만 먼저 받을 수 있을까요?
얼마나 필요하신데요?
6만 5천 원 정도 미리 받을 수 있을까요?
음... 6만 5천 원이면 조금 그런데...
정말 급해서 그러는데 안 될까요?
알겠습니다 잠시만 기다려보세요"
알바비 가불,"사장님 저 알바비 미리 좀 받고 싶은데요
얼마나 필요하신데요?
3만 원만 먼저 받을 수 있을까요?
이번 달에 무슨 특별한 일이라도 있으세요?
네 데이트 비용이 좀 부족해서요
알겠습니다 잠시만 기다려 보세요"
돈 빌리기,"야 혹시 돈 좀 빌려줄 수 있냐?
얼마나 필요한데?
이번 달 용돈이 다 떨어져서 그런데 2만 원만 빌려주라.
2만 원? 너 또 뭐 사려고?
아니 그냥 밥값도 없고 교통비도 없어 ㅠㅠ
알았어 빌려줄게 계좌 불러
진짜 고마워! 내일 바로 갚을게.
그래 잊지 말고 갚아
당연하지!
착하다 착해"
돈 빌리기,"야 돈 좀 빌려줘
얼마나 필요한데?
5만 원만 빌려주라 다음 주에 바로 갚을게
너 요즘 돈 많이 쓰는 것 같더라?
그러게... 이번 달 쇼핑을 너무 많이 했어 ㅠㅠ
알았어 빌려줄게
진짜 고마워!
조심해서 쓰고 꼭 갚아"
돈 빌리기,"야 혹시 돈 좀 빌려줄 수 있냐?
얼마나 필요한데?
만 원만 빌려주라 급하게 필요한데
뭔데?
버스 카드 충전해야 돼
알았어 빌려줄게
고마워!"
돈 빌리기,"야 돈 좀 빌려줘
얼마나?
3만 원만 빌려줘 다음 달에 갚을게
너 돈 없으면 나한테 맨날 빌리네?
미안... 이번만 좀 빌려줘 ㅠㅠ
알았어 빌려줄게"
돈 빌리기,"야 혹시 돈 좀 빌려줄 수 있어?
얼마나 필요한데?
7만 원만 빌려주라 이번 주말까지 갚을게
너 돈 어디다 쓰려고?
친구 생일 선물 사야 돼
알았어 빌려줄게"
돈 빌리기,"야 혹시 돈 좀 빌려줄 수 있냐?
얼마나 필요한데?
이번 달 월세가 부족해서 10만 원만 빌려주라.
10만 원? 너 진짜 큰일 났네.
응... 다음 달에 바로 갚을게 ㅠㅠ
알았어 빌려줄게 계좌 불러.
진짜 고마워! 너밖에 없다.
힘내라 친구야.
고맙다!"
돈 빌리기,"야 돈 좀 빌려줘
얼마나 필요한데?
20만 원만 빌려주라 다음 달에 갚을게.
20만 원? 너 무슨 일 있어?
급하게 수술비가 필요해 ㅠㅠ
알았어 빌려줄게.
진짜 고마워! 평생 잊지 않을게.
몸 잘 챙겨."
돈 빌리기,"야 혹시 돈 좀 빌려줄 수 있냐?
얼마나 필요한데?
5천 원만 빌려주라.
5천 원? 너 또 뭐 사 먹으려고?
아니... 그냥 붕어빵 먹고 싶어 ㅠㅠ
알았어 빌려줄게.
고맙다!"
돈 빌리기,"야 돈 좀 빌려줘
얼마나?
15만 원만 빌려줘 다음 주에 갚을게.
너 돈 어디다 쓰려고?
여행 가려고!
알았어 빌려줄게. 신나게 놀다 와!"
돈 빌리기,"야 혹시 돈 좀 빌려줄 수 있어?
얼마나 필요한데?
1만 원만 빌려주라 급하게 필요한데.
뭔데?
버스비 없어 ㅠㅠ
알았어 빌려줄게.
고마워!"
돈 빌리기,"야 돈 좀 빌려줘
얼마나?
8만 원만 빌려줘 다음 달에 갚을게.
너 돈 없으면 나한테 맨날 빌리네?
미안... 이번만 좀 빌려줘 ㅠㅠ
알았어 빌려줄게."
돈 빌리기,"야 혹시 돈 좀 빌려줄 수 있냐?
얼마나 필요한데?
3만 원만 빌려주라 이번 주말까지 갚을게.
너 돈 어디다 쓰려고?
데이트해야 돼!
알았어 빌려줄게. 성공적인 데이트하길 바란다!"
돈 빌리기,"야 돈 좀 빌려줘
얼마나?
4만 원만 빌려줘 다음 달에 갚을게.
너 돈 없으면 나한테 맨날 빌리네?
미안... 진짜 이번이 마지막이야 ㅠㅠ
알았어 빌려줄게."
돈 빌리기,"야 혹시 돈 좀 빌려줄 수 있어?
얼마나 필요한데?
6만 원만 빌려주라 급하게 필요한데.
뭔데?
엄마 생신 선물 사야 돼 ㅠㅠ
알았어 빌려줄게. 효자네!"
돈 빌리기,"야 돈 좀 빌려줘
얼마나?
2만 5천 원만 빌려줘 다음 달에 갚을게.
너 돈 없으면 나한테 맨날 빌리네?
미안... 진짜 이번이 마지막이야 ㅠㅠ
알았어 빌려줄게."
돈 빌리기,"야 혹시 돈 좀 빌려줄 수 있냐?
미안 지금 나도 돈이 없어.
얼마나 필요한데?
2만 원만 빌려주라.
나도 이번 달 생활비 빠듯해서 힘들다.
아... 알았어.
다음에 꼭 빌려줄게.
고맙다...
미안."
돈 빌리기,"야 돈 좀 빌려줘
미안 나도 곧 돈 나갈 데가 많아.
얼마나 필요한데?
5만 원만 빌려주라.
미안.
알았어...
다음에 꼭 빌려줄게."
돈 빌리기,"야 혹시 돈 좀 빌려줄 수 있냐?
미안 나도 비상금 얼마 없어.
얼마나 필요한데?
만 원만 빌려주라.
미안.
알았어...
미안."
돈 빌리기,"야 돈 좀 빌려줘
미안 나도 요즘 돈 관리를 빡세게 하고 있어서.
얼마나?
3만 원만 빌려줘.
미안.
알았어...
다음에 꼭 빌려줄게."
돈 빌리기,"야 혹시 돈 좀 빌려줄 수 있어?
미안 나도 이번 달 카드값이 너무 많이 나왔어.
얼마나 필요한데?
7만 원만 빌려주라.
미안.
알았어...
다음에 꼭 빌려줄게."
옷 빌리기,"야 혹시 너 아끼는 옷 중에 빌려줄 만한 거 있어?
무슨 옷 찾는데?
이번 주말에 중요한 자리 있는데 입을 옷이 마땅치 않아서.
어떤 스타일 원하는데? 혹시 아끼는 옷 말고 다른 건 없어?
아끼는 거 말고는 딱히... 네 옷 중에 예쁜 거 많잖아.
음... 내가 제일 좋아하는 원피스 있는데 그거 진짜 아끼는 거라...
딱 하루만 빌려주면 안 될까? 진짜 조심해서 입고 바로 돌려줄게.
하... 알았어. 근데 진짜 조심해야 해!
고마워! 진짜 깨끗하게 입고 바로 줄게!"
옷 빌리기,"야 너 옷 진짜 예쁜 거 많잖아. 혹시 빌려줄 수 있는 거 있어?
무슨 옷 필요한데?
이번 주 친구 결혼식 가는데 입을 만한 옷이 없어 ㅠㅠ
결혼식? 음... 내가 아끼는 정장 있는데 사이즈 맞으려나?
정장이면 완전 고맙지! 사이즈는 아마 괜찮을 거야.
알았어. 한번 가져가 봐. 근데 혹시 얼룩이라도 묻으면 안 돼!
당연하지! 진짜 신경 써서 입고 바로 가져다줄게. 고마워!"
옷 빌리기,"야 혹시 너 아끼는 코트 중에 잠깐 빌려줄 수 있는 거 있어?
무슨 코트 찾는데?
오늘 갑자기 너무 추워졌는데 얇게 입고 나와서 ㅠㅠ
내 제일 좋아하는 캐시미어 코트 있는데... 그거 진짜 따뜻한데...
딱 오늘만 빌려주면 안 될까? 진짜 잠깐만 입고 바로 줄게.
하... 추우면 어쩔 수 없지. 빌려줄게. 근데 진짜 조심해야 해!
고마워! 진짜 잠깐만 입고 바로 줄게!"
옷 빌리기,"야 너 옷 진짜 특이하고 예쁜 거 많잖아. 혹시 빌려줄 수 있는 거 있어?
무슨 스타일 찾는데?
이번 주말에 클럽 가는데 좀 튀는 옷이 없어서 ㅠㅠ
클럽...? 내가 아끼는 반짝이는 원피스 있는데 그거 완전 튀는데...
진짜? 딱 하루만 빌려주면 안 될까? 완전 신나게 놀고 바로 갖다줄게!
음... 신나게 놀다 보면 혹시 찢어지거나 할 수도 있고...
아냐! 완전 조심해서 놀게! 딱 사진만 찍고 바로 갈아입을게! 제발!
하... 알았어. 딱 오늘 하루만이야!"
옷 빌리기,"야 혹시 너 아끼는 가방 중에 잠깐 빌려줄 수 있는 거 있어?
무슨 가방 찾는데?
오늘 중요한 약속 있는데 들고 갈 만한 가방이 없어서 ㅠㅠ
내 제일 아끼는 명품 가방 있는데...
진짜 잠깐만 빌려주면 안 될까? 진짜 소중하게 들고 바로 줄게.
하... 빌려줄 수는 있는데 진짜 조심해야 해! 스크래치라도 나면 큰일 나!
당연하지! 진짜 내 것처럼 소중하게 들고 바로 줄게! 고마워!"
옷 빌리기,"야 혹시 네 옷 중에 괜찮은 거 있으면 이번 주말에 내가 잠깐 빌려 입어도 될까? 물론 안 되면 괜찮아!
무슨 옷 필요한데? 혹시 특별한 일 있어?
응 친구 생일 파티 가는데 입을 옷이 마땅치 않아서.
음... 내가 아끼는 옷 몇 개 있는데 혹시 마음에 드는 거 있을까?
정말? 한번 봐도 될까? 부담스러우면 안 빌려줘도 괜찮아!
아냐 괜찮아. 한번 보고 골라봐.
와 진짜 예쁜 옷 많다! 혹시 이 블라우스 잠깐 빌려 입어도 될까? 물론 안 되면 괜찮아!
그래 빌려줄게. 예쁘게 입고 와!
고마워! 진짜 조심해서 입고 바로 돌려줄게!"
옷 빌리기,"야 혹시 네 옷 중에 내가 이번 주 결혼식에 입고 갈 만한 거 있을까? 물론 불편하면 안 빌려줘도 돼!
결혼식? 어떤 스타일 생각하고 있는데? 혹시 다른 옷은 없어?
음... 딱히 마음에 드는 게 없어서. 네 옷이 예쁜 게 많길래 혹시나 해서.
내가 아끼는 원피스 있는데 혹시 사이즈 맞을까? 부담스러우면 다른 거 찾아볼게!
한번 입어볼게! 괜찮으면 빌려도 될까? 물론 안 되면 다른 옷 찾아볼게!
그래 한번 입어봐. 잘 어울리면 빌려줄게.
고마워! 혹시 안 맞으면 그냥 다른 옷 찾아볼게!"
옷 빌리기,"야 혹시 네 코트 중에 따뜻한 거 있으면 오늘 내가 잠깐 빌려 입어도 될까? 물론 불편하면 안 빌려줘도 괜찮아!
오늘 갑자기 너무 춥지 않아? 혹시 얇게 입고 나왔어?
응 ㅠㅠ 네 코트 따뜻해 보이는 거 많길래 혹시나 해서.
내 제일 아끼는 캐시미어 코트 있는데 혹시 괜찮으면 빌려줄까? 물론 부담스러우면 됐어!
정말? 너무 고맙지! 혹시 불편하면 그냥 내 옷 입을게!
아냐 괜찮아. 따뜻하게 입고 다녀와.
고마워! 진짜 잠깐만 입고 바로 줄게!"
옷 빌리기,"야 혹시 네 옷 중에 클럽 갈 때 입을 만한 좀 튀는 거 있을까? 물론 없으면 어쩔 수 없고!
클럽? 어떤 스타일 생각하고 있는데? 혹시 다른 옷은 없어?
음... 좀 화려한 거 입고 싶은데 마땅한 게 없어서. 네 옷 스타일이 좋길래 혹시나 해서.
내가 아끼는 반짝이는 원피스 있는데 혹시 괜찮으면 빌려줄까? 물론 부담스러우면 됐어!
정말? 너무 고맙지! 혹시 너무 튄다 싶으면 그냥 다른 옷 입을게!
아냐 괜찮아. 신나게 놀고 와!
고마워! 혹시 불편하면 바로 갈아입을게!"
옷 빌리기,"야 혹시 네 가방 중에 오늘 약속에 들고 갈 만한 괜찮은 거 있을까? 물론 불편하면 안 빌려줘도 괜찮아!
오늘 무슨 약속 있는데? 혹시 다른 가방은 없어?
응 중요한 약속인데 들고 갈 만한 가방이 없어서. 네 가방 예쁜 거 많길래 혹시나 해서.
내가 아끼는 가방 있는데 혹시 괜찮으면 빌려줄까? 물론 부담스러우면 됐어!
정말? 너무 고맙지! 혹시 너무 비싸 보인다 싶으면 그냥 내 가방 들고 갈게!
아냐 괜찮아. 예쁘게 들고 다녀와.
고마워! 혹시 불편하면 바로 연락할게!"
옷 빌리기,"야 혹시 네 옷 중에 편하게 입을 만한 후드티나 맨투맨 같은 거 있을까? 물론 안 되면 괜찮아!
오늘 그냥 편하게 있고 싶은데 마땅한 옷이 없어서. 네 옷 편해 보이는 거 많길래 혹시나 해서.
내 아끼는 후드티 있는데 혹시 괜찮으면 빌려줄까? 물론 부담스러우면 됐어!
정말? 너무 고맙지! 혹시 너무 크면 그냥 내 옷 입을게!
아냐 괜찮아. 편하게 입고 있어.
고마워! 혹시 불편하면 바로 말할게!"
옷 빌리기,"야 혹시 네 신발 중에 내가 오늘 잠깐 신을 만한 편한 거 있을까? 물론 불편하면 안 빌려줘도 괜찮아!
오늘 오래 걸어야 하는데 편한 신발이 없어서. 네 신발 편해 보이는 거 많길래 혹시나 해서.
내 아끼는 운동화 있는데 혹시 사이즈 맞으면 빌려줄까? 물론 부담스러우면 됐어!
정말? 너무 고맙지! 혹시 사이즈 안 맞으면 그냥 내 신발 신을게!
그래 한번 신어봐. 편하면 신고 가.
고마워! 혹시 불편하면 바로 갈아 신을게!"
옷 빌리기,"야 혹시 네 액세서리 중에 내가 오늘 하고 갈 만한 예쁜 거 있을까? 물론 없으면 어쩔 수 없고!
오늘 좀 꾸미고 싶은데 마땅한 액세서리가 없어서. 네 액세서리 예쁜 거 많길래 혹시나 해서.
내가 아끼는 목걸이 있는데 혹시 괜찮으면 빌려줄까? 물론 부담스러우면 됐어!
정말? 너무 고맙지! 혹시 너무 화려하면 그냥 안 할게!
아냐 괜찮아. 예쁘게 하고 다녀와.
고마워! 혹시 불편하면 바로 뺄게!"
옷 빌리기,"야 혹시 네 모자 중에 내가 오늘 쓸 만한 괜찮은 거 있을까? 물론 불편하면 안 빌려줘도 괜찮아!
오늘 머리 상태가 별로라서 모자 쓰고 싶은데 마땅한 게 없어서. 네 모자 예쁜 거 많길래 혹시나 해서.
내 아끼는 모자 있는데 혹시 괜찮으면 빌려줄까? 물론 부담스러우면 됐어!
정말? 너무 고맙지! 혹시 너무 안 어울리면 그냥 안 쓸게!
아냐 괜찮아. 편하게 쓰고 다녀와.
고마워! 혹시 불편하면 바로 벗을게!"
옷 빌리기,"야 혹시 네 옷 중에 내가 내일 면접 볼 때 입을 만한 단정한 거 있을까? 물론 불편하면 안 빌려줘도 괜찮아!
면접? 어떤 스타일 생각하고 있는데? 혹시 다른 옷은 없어?
음... 깔끔한 블라우스나 재킷 같은 거 있으면 좋을 것 같아서. 네 옷 단정한 거 많길래 혹시나 해서.
내가 아끼는 블라우스랑 재킷 있는데 혹시 사이즈 맞으면 빌려줄까? 물론 부담스러우면 됐어!
정말? 너무 고맙지! 혹시 안 어울리거나 불편하면 그냥 내 옷 입을게!
그래 한번 입어봐. 잘 되면 좋겠다!
고마워! 혹시 안 되면 그냥 내 옷 입을게!"
옷 빌리기,"야 혹시 너 아끼는 옷 중에 빌려줄 만한 거 있어? 이번 주말에 중요한 자리 있는데.
음... 아끼는 옷 말고 다른 건 진짜 없는데. 혹시 급해?
응 ㅠㅠ 딱 하루만 빌려주면 안 될까? 진짜 조심해서 입고 바로 줄게.
아... 내가 엄청 아끼는 거라... 혹시 다른 친구한테도 한번 물어보는 건 어때?
알았어... 혹시 나중에 마음 바뀌면 연락 줘 ㅠㅠ
응 혹시 진짜 급하면 다시 한번 얘기해 봐."
옷 빌리기,"야 너 옷 진짜 예쁜 거 많잖아. 혹시 빌려줄 수 있는 거 있어? 친구 결혼식 가는데 입을 옷이 없어 ㅠㅠ
결혼식? 어떤 스타일 생각하는데? 혹시 다른 옷은 진짜 없어?
응 ㅠㅠ 네 옷 중에 예쁜 정장 있잖아 혹시 사이즈 맞으려나?
음... 그 정장은 나한테도 딱 맞는 거라... 혹시 다른 예쁜 옷도 많잖아 한번 둘러보는 건 어때?
알았어 ㅠㅠ 혹시 나중에 빌려줄 마음 생기면 연락 줘!
응 혹시 진짜 못 찾으면 다시 한번 말해 봐."
옷 빌리기,"야 혹시 너 아끼는 코트 중에 잠깐 빌려줄 수 있는 거 있어? 오늘 너무 추워 ㅠㅠ
내 제일 아끼는 캐시미어 코트 말하는 거야? 그거 진짜 따뜻하긴 한데...
딱 오늘만 빌려주면 안 될까? 진짜 잠깐만 입고 바로 줄게.
음... 그 코트는 드라이 맡긴 지 얼마 안 돼서... 혹시 다른 따뜻한 겉옷은 없어?
알았어 ㅠㅠ 혹시 나중에 괜찮아지면 빌려줘!
응 혹시 너무 추우면 다시 한번 얘기해 봐."
옷 빌리기,"야 너 옷 진짜 특이하고 예쁜 거 많잖아. 혹시 클럽 갈 때 입을 만한 좀 튀는 거 빌려줄 수 있어?
클럽...? 내가 아끼는 반짝이는 원피스 말하는 건가? 그거 완전 튀긴 한데...
딱 하루만 빌려주면 안 될까? 완전 신나게 놀고 바로 갖다줄게!
음... 클럽 가면 혹시 땀 흘리거나 찢어질 수도 있고... 혹시 다른 화려한 옷은 없어?
알았어 ㅠㅠ 혹시 나중에 기분 좋아지면 빌려줘!
응 혹시 진짜 옷 없으면 다시 한번 물어봐."
옷 빌리기,"야 혹시 너 아끼는 가방 중에 오늘 약속에 들고 갈 만한 괜찮은 거 잠깐 빌려줄 수 있어?
내 제일 아끼는 명품 가방 말하는 거야? 그거 진짜 아끼는 건데...
진짜 잠깐만 빌려주면 안 될까? 진짜 소중하게 들고 바로 줄게.
음... 혹시 스크래치라도 날까 봐 좀 걱정되네... 혹시 다른 괜찮은 가방은 없어?
알았어 ㅠㅠ 혹시 나중에 마음 바뀌면 빌려줘!
응 혹시 진짜 가방 없으면 다시 한번 얘기해 봐."
옷 빌리기,"야 혹시 너 편하게 입을 만한 후드티나 맨투맨 같은 거 빌려줄 수 있어? 오늘 그냥 편하게 있고 싶어.
내 제일 편한 후드티 말하는 건가? 그거 거의 내 최애템인데...
딱 오늘만 빌려주면 안 될까? 진짜 깨끗하게 입고 바로 줄게.
음... 혹시 늘어나거나 보풀 생길까 봐 좀 걱정돼서... 혹시 다른 편한 옷은 없어?
알았어 ㅠㅠ 혹시 나중에 괜찮아지면 빌려줘!
응 혹시 진짜 편한 옷 없으면 다시 한번 물어봐."
옷 빌리기,"야 혹시 너 편한 운동화 잠깐 빌려 신을 수 있을까? 오늘 오래 걸어야 하는데.
내 제일 편한 운동화 말하는 거야? 그거 발도 안 아프고 좋은데...
딱 오늘만 빌려주면 안 될까? 진짜 깨끗하게 신고 바로 줄게.
음... 혹시 발 냄새 배거나 하면 좀 그래서... 혹시 다른 편한 신발은 없어?
알았어 ㅠㅠ 혹시 나중에 괜찮아지면 빌려줘!
응 혹시 진짜 불편하면 다시 한번 얘기해 봐."
옷 빌리기,"야 혹시 너 예쁜 목걸이 잠깐 빌려줄 수 있을까? 오늘 좀 꾸미고 싶어서.
내 제일 아끼는 목걸이 말하는 거야? 그거 진짜 특별한 건데...
딱 오늘만 빌려주면 안 될까? 진짜 조심해서 하고 바로 줄게.
음... 혹시 잃어버리거나 망가질까 봐 좀 걱정되네... 혹시 다른 액세서리는 없어?
알았어 ㅠㅠ 혹시 나중에 마음 바뀌면 빌려줘!
응 혹시 진짜 액세서리 없으면 다시 한번 얘기해 봐."
옷 빌리기,"야 혹시 너 괜찮은 모자 있으면 오늘 내가 잠깐 빌려 써도 될까? 머리 상태가 좀 안 좋아서 ㅠㅠ
내 제일 좋아하는 모자 말하는 건가? 그거 나한테 잘 어울린다고 다들 그러는데...
딱 오늘만 빌려주면 안 될까? 진짜 잠깐 쓰고 바로 줄게.
음... 혹시 땀 흘리거나 해서 모양 망가질까 봐 좀 걱정돼서... 혹시 다른 모자는 없어?
알았어 ㅠㅠ 혹시 나중에 괜찮아지면 빌려줘!
응 혹시 진짜 모자 없으면 다시 한번 물어봐."
옷 빌리기,"야 혹시 너 단정한 블라우스나 재킷 같은 거 내일 면접 때 입게 잠깐 빌려줄 수 있을까?
내 제일 단정한 블라우스랑 재킷 말하는 거야? 그거 면접 때 입으려고 아껴둔 건데...
딱 내일 하루만 빌려주면 안 될까? 진짜 깨끗하게 입고 바로 돌려줄게.
음... 혹시 사이즈 안 맞거나 하면 좀 그래서... 혹시 다른 단정한 옷은 없어?
알았어 ㅠㅠ 혹시 나중에 괜찮아지면 빌려줘!
응 혹시 진짜 면접 볼 옷 없으면 다시 한번 얘기해 봐."
물건 빌리기,"저기 혹시 풀 테이프 잠깐 빌릴 수 있을까요?
네 여기 있습니다
감사합니다 쓰고 바로 드릴게요
네 편하게 쓰세요
혹시 스테이플러도 빌릴 수 있을까요?
네 저쪽에 있어요
감사합니다
별말씀을요
다 쓰시면 제자리에 놔주세요
네 알겠습니다"
물건 빌리기,"혹시 칼이나 가위 있으세요?
네 잠시만요
감사합니다 이거 쓰고 바로 드릴게요
네 천천히 쓰세요
혹시 자도 빌릴 수 있을까요?
네 여기 있습니다
고맙습니다
별말씀을요
다 쓰시면 돌려주세요
네"
물건 빌리기,"혹시 충전기 좀 빌릴 수 있을까요?
어떤 충전기 말씀이세요?
아이폰 충전기요
네 잠시만요
감사합니다 쓰고 바로 돌려드릴게요
네
혹시 보조 배터리도 빌릴 수 있을까요?
네 여기 있어요
정말 감사합니다
별말씀을요"
물건 빌리기,"혹시 포스트잇 좀 빌릴 수 있을까요?
네 여기 있습니다
감사합니다 몇 개만 쓸게요
네 편하게 쓰세요
혹시 볼펜 검은색도 빌릴 수 있을까요?
네 저쪽에 있어요
감사합니다
별말씀을요"
물건 빌리기,"혹시 드라이버 좀 빌릴 수 있을까요?
어떤 드라이버 말씀이세요?
십자 드라이버 작은 거요
네 잠시만요
감사합니다 쓰고 바로 드릴게요
네
혹시 니퍼도 빌릴 수 있을까요?
네 저쪽에 있어요
감사합니다"
물건 빌리기,"저기 혹시 풀 테이프 잠깐 빌릴 수 있을까요?
아 죄송해요 지금 제가 쓰고 있는 중이라...
아 그렇군요 혹시 다 쓰시면 잠깐 빌려주실 수 있을까요?
네 알겠습니다 다 쓰면 바로 드릴게요
감사합니다
별말씀을요
혹시 다른 분한테 먼저 빌려보시는 건 어떠세요?
아 네 한번 여쭤볼게요"
물건 빌리기,"혹시 칼이나 가위 있으세요?
네 있는데 지금 택배 박스 뜯어야 해서...
아 그러시군요 그럼 다 쓰시고 잠깐 빌려주실 수 있을까요?
네 금방 쓸 거예요 잠시만 기다리세요
감사합니다
별말씀을요
혹시 급하시면 다른 분께 먼저 빌려보시는 게 좋을 것 같아요
아 네 알겠습니다"
물건 빌리기,"혹시 충전기 좀 빌릴 수 있을까요?
어떤 충전기 말씀이세요? 아이폰 충전기요
아 죄송해요 배터리가 얼마 없어서 제가 지금 충전 중이라...
아 그렇군요 혹시 충전 다 되면 잠깐 빌려주실 수 있을까요?
네 최대한 빨리 충전하고 빌려드릴게요
감사합니다
별말씀을요
혹시 다른 분께 충전기 빌릴 수 있는지 한번 여쭤보시는 건 어떠세요?"
물건 빌리기,"혹시 포스트잇 좀 빌릴 수 있을까요?
네 있는데 몇 장 안 남아서...
아 몇 장만 써도 괜찮은데 혹시 빌려주실 수 있을까요?
음... 정말 조금만 쓰셔야 해요
네 몇 장만 쓰고 바로 돌려드릴게요
감사합니다
별말씀을요
혹시 새 포스트잇 필요하시면 말씀하세요"
물건 빌리기,"혹시 드라이버 좀 빌릴 수 있을까요? 십자 드라이버 작은 거요
네 있는데 제가 지금 간단한 조립 작업을 하고 있어서...
아 그러시군요 혹시 작업 다 끝나시면 잠깐 빌려주실 수 있을까요?
네 금방 끝날 거예요 잠시만 기다리세요
감사합니다
별말씀을요
혹시 다른 분께 먼저 빌려보시는 것도 괜찮을 것 같아요"
물건 빌리기,"저기 죄송하지만 혹시 스테이플러 잠깐 빌릴 수 있을까요?
아 죄송해요 스테이플러 심이 얼마 안 남아서...
아 그렇군요 혹시 심 다 쓰시면 잠깐 빌려주실 수 있을까요?
네 알겠습니다 다 쓰면 말씀드릴게요
감사합니다
별말씀을요
혹시 스테이플러 심 있으시면 같이 빌려드릴 수 있어요"
물건 빌리기,"혹시 자 하나만 빌려주실 수 있을까요?
네 있는데 제가 도면 작업을 하고 있어서...
아 그러시군요 혹시 작업 끝나시면 잠깐 빌려주실 수 있을까요?
네 금방 끝날 거예요
감사합니다
별말씀을요
혹시 급하시면 다른 분께 빌려보시는 게 더 빠를 수도 있어요"
물건 빌리기,"혹시 보조 배터리 혹시 빌릴 수 있을까요?
아 죄송해요 저도 오늘 배터리가 얼마 없어서 아껴 쓰는 중이라...
아 그렇군요 혹시 나중에 조금이라도 충전되면 빌려주실 수 있을까요?
네 최대한 충전해보고 빌려드릴게요
감사합니다
별말씀을요
혹시 다른 분께 빌릴 수 있는지 한번 여쭤보시는 건 어떠세요?"
물건 빌리기,"혹시 볼펜 검은색 혹시 하나 빌릴 수 있을까요?
네 있는데 제가 지금 중요한 메모를 하고 있어서...
아 그러시군요 혹시 메모 다 하시면 잠깐 빌려주실 수 있을까요?
네 금방 쓸 거예요 잠시만 기다리세요
감사합니다
별말씀을요
혹시 다른 색깔 볼펜은 괜찮으세요?"
물건 빌리기,"혹시 니퍼 혹시 잠깐 빌릴 수 있을까요?
네 있는데 제가 지금 전선 작업을 하고 있어서...
아 그러시군요 혹시 작업 끝나시면 잠깐 빌려주실 수 있을까요?
네 거의 다 끝났어요 잠시만 기다리세요
감사합니다
별말씀을요
혹시 다른 분께 먼저 빌려보시는 것도 좋을 것 같아요"
외모 놀리기,"야!! 너 오늘 머리 왜 그래?
푸하하 너야말로 옷이 그게 뭐니?
내 옷이 뭐?! 너 지금 시비 거는 거냐?
아니거든! 그냥 음 패셔니스타 납셨네?
패셔니스타는 너겠지! 얼굴이 아주 번쩍번쩍하다?
내 얼굴이 왜! 너 오늘 화장 안 했지? 퀭한데?
흥! 안 해도 너보단 낫거든!
그래그래 너 진짜 예쁘다! (비꼬는 말투)
됐거든! 너나 잘생겼다! (진심 없음)
알았어 알았어 둘 다 그만하자! 보다 보니 정들겠네 ㅋㅋㅋ
정들긴 뭘 정들어!
인정! ㅋㅋㅋ"
외모 놀리기,"어휴... 김민지 너 살 또 쪘지?
뭐?! 야!! 권수현 너 눈썰미 진짜 없다!
아닌데? 얼굴이 빵떡인데?
내 얼굴이 왜 빵떡이야! 너야말로 다크서클 봐라!
내 다크서클은 너 때문이거든?! 어제 너 때문에 잠 못 잤어!
왜? 내 얼굴 보고 놀라서? ㅋㅋㅋ
웃기시네! 너 코골이 때문에!
야! 내가 언제 코를 골았다고 그래!
증거 있어! 녹음했지롱~
헐... 너 진짜 너무한다!
푸하하하!
너 진짜... 두고 봐!"
외모 놀리기,"강태준 너 오늘따라 유난히 키가 작아 보인다?
뭐? 야! 이선우! 너 일부러 그러는 거지!
아닌데? 네 옆에 있으니 내가 더 커 보이는 착시효과?
착시는 무슨! 너 깔창 얼마나 넣었냐?
깔창 안 넣었거든! 너 비율이... 음...
내 비율이 뭐?! 너야말로 다리가 짧...
읍!읍!
푸하하하!
야!!
메롱~"
외모 놀리기,"박지윤 너 오늘 얼굴에 뭐 묻었어 ㅋㅋㅋ
어? 어디?
음... 잘생김? ㅋㅋㅋㅋㅋ
아 진짜!
농담이야~ 근데 너 오늘 좀 부었네?
아침에 라면 먹고 잤더니...
솔직하네 ㅋㅋㅋ
놀리지 마라! 너야말로 머리 떡졌어!
괜찮아~ 내일 감을 거야!
쿨하네 ㅋㅋㅋ
그럼!"
외모 놀리기,"최유나 너 안경 바꿨네?
어 어때?
음... 더 못생겨진 것 같아 ㅋㅋㅋ
야!!!
장난이야~ 잘 어울려! (진짜임)
진짜? 다행이다...
근데 너 피부 왜 이렇게 칙칙해?
밤새 게임했더니...
솔직 인정 ㅋㅋㅋ
너도 곧 그럴걸?
설마~"
외모 놀리기,"야! 김철수 너 앞머리 왜 그렇게 떡졌냐?
놀리지 마라 박선영! 너야말로 오늘 화장 떴어!
뭐?! 내 화장이 왜 떠! 너 눈 화장 번졌거든!
흥! 너보단 낫거든! 너 오늘따라 얼굴도 칙칙해 보이고!
야!!
왜! 맞는 말 했잖아!
너 진짜...
나도!
됐어!
그래!"
외모 놀리기,"이민지 너 오늘 옷 완전 할머니 스타일이다!
뭐라고?! 최지훈 너 옷은 완전 촌스러워!
내 옷이 왜! 너 가방 완전 크다! 보따리인 줄!
흥! 너 신발 더 웃겨! 깔창 얼마나 넣은 거야?
깔창 안 넣었거든! 너 키 작다고 놀리는 거지!
놀리는 거 맞아! ㅋㅋㅋ
너 진짜!
나도 너 놀릴 거 많거든!
해보시지!
좋아!"
외모 놀리기,"박수진 너 오늘 얼굴에 기름 좔좔 흐른다?
신경 꺼! 너야말로 머리 부스스해!
내 머리가 뭐! 너 볼살 완전 통통해졌어!
흥! 너는 갈수록 뼈만 남았어!
야!!
뭐! 사실이잖아!
너 진짜 너무해!
너도!"
외모 놀리기,"김현우 너 오늘 안경 이상해!
뭐?! 너야말로 렌즈 빼니까 완전 딴 사람 같아!
내 얼굴이 뭐! 너 피부 트러블 심해졌네?
신경 쓰지 마! 너 입술색 완전 창백해!
야! 너 진짜 말 심하다!
너도 만만치 않거든!
칫!
흥!"
외모 놀리기,"최민지 너 귀걸이 완전 요란하다!
뭐라 했냐? 박준호 너 머리 염색 물 빠졌잖아!
내 머리가 뭐! 너 옷 색깔 촌스러워!
흥! 너 가디건 완전 늘어났어!
야!!
왜! 있는 그대로 말한 건데!
너 진짜 짜증 나!
나도!"
외모 놀리기,"강동우 너 오늘따라 어깨가 좁아 보인다?
뭐?! 너야말로 허리가 통짜잖아!
내 허리가 뭐! 너 얼굴 완전 부었어!
흥! 너는 쌍꺼풀 라인 이상해!
야!!
왜! 내 눈은 자연산이거든!
너 진짜 웃긴다!
너도!"
학교 성적 놀리기,"야! 너 중간고사 성적 봤냐? 완전 폭망했던데?
뭐?! 너야말로 평균도 못 넘었잖아!
나는 그래도 너보단 잘 봤거든! 특히 수학!
웃기시네! 수학 점수 겨우 턱걸이했으면서!
턱걸이라도 너보단 높아! 너 국어 점수 완전 바닥이던데?
시끄러워! 너 영어 점수는 더 심각하잖아!
흥! 그래도 너보단...
둘 다 똑같거든! 뭘 잘났다고!
닥쳐!
흥!"
학교 성적 놀리기,"김민지 너 이번 시험 올랐다고 자랑하더니 별로잖아?
뭐?! 권수현 너는 점수가 그게 뭐니?
나는 꾸준히 이 정도는 하거든! 너처럼 널뛰기 안 해!
흥! 너는 발전이 없는 거겠지!
발전 없는 게 어디가 어때서! 너처럼 한 번 잘 봤다고 깝죽대는 것보단 낫지!
야!!
왜! 맞는 말이잖아!
너 진짜...
나도!"
학교 성적 놀리기,"강태준 너 이번에도 과학 점수 엉망이지?
신경 꺼! 이선우 너 사회 점수는 늘 그 모양이잖아!
내 사회 점수가 뭐! 너는 맨날 기술가정 점수만 높더라?
그게 어디가 어때서! 너처럼 암기만 하는 과목 못하는 것보단 낫지!
야!!
왜! 부러우면 부럽다고 해!
흥!
칫!"
학교 성적 놀리기,"박지윤 너 이번에 역사 점수 몇 점 받았어? 설마 또...
신경 쓰지 마! 너야말로 맨날 도덕 점수만 잘 받잖아! 뻔한 소리만 하니까 그렇지!
야!! 도덕이 얼마나 중요한 과목인데! 너는 맨날 딴짓하니까 점수가 그 모양이지!
흥!
됐어!"
학교 성적 놀리기,"최유나 너 이번에 체육 점수 왜 그렇게 낮아?
놀리지 마! 김철수 너 미술 점수는 발로 그렸냐?
내 그림이 뭐 어때서! 너 음악 점수는 음치 수준이잖아!
야!! 그래도 너보단 박자는 잘 맞추거든!
흥!
됐어 우리 그냥 공부나 하자!
그러자!"
학교 성적 놀리기,"야! 너 중간고사 성적표 봤냐? 수학 점수 완전 예술이더라? 낙제 예술! ㅋㅋㅋ
푸하하! 너 국어 점수는 마치 외국어 같던데? 해석 불가! ㅋㅋㅋ
내 국어 실력 무시하지 마! 너 영어 점수는 거의 암호 수준이잖아!
암호 해독 못 하는 네 잘못이지! 근데 너 과학 점수는 왜 그렇게 신비롭냐?
내 과학 점수는 심오한 거야! 너 역사 점수는 선사시대 수준이고! ㅋㅋㅋ
인정! 우리 둘 다 레전드 찍었다! ㅋㅋㅋ
그럼! 다음 시험 땐 더 화려하게 망쳐보자! ㅋㅋㅋ"
학교 성적 놀리기,"김민지 너 이번 시험 올랐다고 자랑하더니... 음... 오른 건 몸무게뿐? ㅋㅋㅋ
뭐야! 권수현 너는 떨어질 곳도 없지 않냐? 이미 바닥인데! ㅋㅋㅋ
크크큭! 나는 꾸준함의 대명사! 너처럼 롤러코스터 안 탄다고!
롤러코스터 타는 게 얼마나 스릴 있는데! 너처럼 잔잔한 호수 같아서 재미없어!
잔잔한 호수가 얼마나 평화로운데! 너 성적처럼 폭풍우 치는 것보단 낫지! ㅋㅋㅋ
야! 그래도 가끔 파도도 치거든! ㅋㅋㅋ
그 파도가 썰물인 게 문제지! ㅋㅋㅋ"
학교 성적 놀리기,"강태준 너 이번에도 과학 점수 레전드 찍었지? F학점의 전설! ㅋㅋㅋ
신경 꺼! 이선우 너 사회 점수는 마치 미스터리 소설 같더라? 뭐가 뭔지 하나도 모르겠어! ㅋㅋㅋ
내 사회 점수는 심오한 철학이 담겨 있는 거야! 너 기술가정 점수는... 음... 손재주가 발로 하는 수준? ㅋㅋㅋ
내 손은 섬세함을 추구하는 거야! 너 체육 점수는... 마치 슬로우 모션? ㅋㅋㅋ
내 움직임은 우아함을 뜻하는 거야! ㅋㅋㅋ
우아한 낙제! ㅋㅋㅋ"
학교 성적 놀리기,"박지윤 너 이번에 역사 점수 몇 점 받았어? 설마 또 새로운 기록 갱신? ㅋㅋㅋ
놀리지 마! 너야말로 도덕 점수는 왜 그렇게 교과서적인 답변만 하냐? 융통성이 없어! ㅋㅋㅋ
융통성 있는 낙제보다는 교과서적인 점수가 낫지! 너 음악 점수는... 귀갱! ㅋㅋㅋ
내 노래는 영혼을 울리는 거야! 너 미술 점수는... 추상화의 극치! ㅋㅋㅋ
내 그림은 현대 예술이야! ㅋㅋㅋ
네 성적은 고대 유물이고! ㅋㅋㅋ"
학교 성적 놀리기,"최유나 너 이번에 체육 점수 왜 그렇게 낮아? 혹시... 공이 무서워? ㅋㅋㅋ
푸하하! 김철수 너 미술 점수는 마치 초등학생 그림 같던데? 순수함 그 자체! ㅋㅋㅋ
내 그림은 자유로운 영혼을 표현한 거야! 너 음악 점수는... 음... 박자 감각 제로? ㅋㅋㅋ
내 노래는 독창적인 리듬을 가지고 있는 거야! 너 정보 점수는... 혹시 컴퓨터랑 싸웠니? ㅋㅋㅋ
내 컴퓨터는 나와 소울메이트야! 너 역사 점수는... 잠자는 숲 속의 공주 수준? ㅋㅋㅋ
내 역사는 깊고 심오한 거야! ㅋㅋㅋ"
학교 성적 놀리기,"야! 너 중간고사 성적표 봤냐? 수학 점수 완전 드라마틱하던데?
크크! 너 국어 점수는 판타지 소설 같더라? 이해 불가!
내 국어 실력 무시하지 마! 너 영어 점수는 거의 수수께끼 수준이잖아!
수수께끼 푸는 재미가 있는 거지! 근데 너 과학 점수는 왜 그렇게 미스터리해?
내 과학 점수는 심오한 거야! 너 역사 점수는 박물관에 있어야 할 수준이고!
인정! 우리 둘 다 대단하다!
그럼! 다음 시험 땐 더 놀라운 결과를 만들어보자!"
학교 성적 놀리기,"김민지 너 이번 시험 올랐다고 자랑하더니... 음... 오른 건 자신감뿐?
흐흐! 권수현 너는 떨어질 곳도 없지 않냐? 이미 맨 밑바닥인데!
후훗! 나는 꾸준함의 상징! 너처럼 롤러코스터 안 탄다고!
롤러코스터 타는 게 얼마나 짜릿한데! 너처럼 잔잔한 호수 같아서 심심해!
잔잔한 호수가 얼마나 평온한데! 너 성적처럼 폭풍우 치는 것보단 낫지!
야! 그래도 가끔 파도도 치거든!
그 파도가 잔물결인 게 문제지!"
학교 성적 놀리기,"강태준 너 이번에도 과학 점수 대단하더라? F학점의 대표 주자!
신경 꺼! 이선우 너 사회 점수는 다큐멘터리 같더라? 지루해!
내 사회 점수는 깊이 있는 통찰이 담겨 있는 거야! 너 기술가정 점수는... 음... 예술 작품 수준? (비웃음)
내 손은 창의력을 표현하는 거야! 너 체육 점수는... 마치 정지 화면?
내 움직임은 절제된 아름다움이야!
절제된 낙제!"
학교 성적 놀리기,"박지윤 너 이번에 역사 점수 몇 점 받았어? 설마 또 새로운 전설 썼니?
놀리지 마! 너야말로 도덕 점수는 왜 그렇게 원론적인 이야기만 하냐? 현실 감각 없어!
원론적인 게 중요한 거지! 너 음악 점수는... 소음 공해!
내 노래는 자유로운 감정을 표현한 거야! 너 미술 점수는... 추상 그 자체!
내 그림은 혁신적인 거야!
네 성적은 고전이지!"
학교 성적 놀리기,"최유나 너 이번에 체육 점수 왜 그렇게 낮아? 혹시... 운동 싫어해?
크크! 김철수 너 미술 점수는 마치 습작 같던데? 노력 부족이 느껴져!
내 그림은 개성을 존중하는 거야! 너 음악 점수는... 음... 음정 불안정!
내 노래는 감성을 자극하는 거야! 너 정보 점수는... 혹시 컴퓨터랑 사이 안 좋아?
내 컴퓨터는 나의 오른팔이야! 너 역사 점수는... 잠자는 숲 속의 공주 같아!
내 역사는 깊은 잠에서 깨어날 거야!"
싸웠던 친구와 화해,"야... 혹시 걔랑 연락해 봤어?
아니... 아직. 괜히 어색해서.
그래도 먼저 연락해보는 게 좋지 않을까? 너도 후회하잖아.
음... 그러긴 한데 뭐라고 시작해야 할지 모르겠어.
솔직하게 미안하다고 말하는 게 제일 좋을 거야. 너답게.
내... 나답게? 왠지 또 싸울 것 같은데...
에이 설마. 너희 워낙 친했잖아. 금방 풀릴 거야.
하아... 용기 내볼게. 고마워.
잘 될 거야!"
싸웠던 친구와 화해,"어떻게 지내? 걔랑 화해는 했어?
아직 못 했어. 며칠째 끙끙 앓고만 있어.
너답지 않게 왜 그렇게 소심해? 먼저 다가가 봐.
자존심이 허락을 안 해... 내가 먼저 잘못한 것도 아닌데.
그렇게 따지면 끝도 없어. 서로 조금씩 이해하는 게 중요하지.
이해... 쉽지 않네. 그래도 노력은 해볼게.
잘 생각했어. 응원할게.
고마워."
싸웠던 친구와 화해,"야! 너희 아직도 냉전이야? 보다 못 봐주겠다!
나도 그래. 근데 걔도 완강해서...
네가 먼저 숙여. 어차피 너희 오래갈 거잖아.
내가 왜 먼저 숙여야 하는데?
성격상 네가 더 쿨하잖아. 안 그래?
음... 맞는 말 같기도 하고. 한번 연락해 볼게.
잘한다! 결과 알려줘!"
싸웠던 친구와 화해,"그 친구... 잘 지내려나? 너희 연락은 해 봤어?
응. 어제 용기 내서 연락했어.
오! 뭐라고 했어?
솔직하게 내 마음 전했어. 걔도 자기 잘못 인정하고.
와 드디어 화해했구나! 축하해!
고마워. 덕분에 용기 낼 수 있었어.
별말씀을! 역시 너희는 다시 잘 될 줄 알았어."
싸웠던 친구와 화해,"너 걔 때문에 힘들어하는 거 보니까 내가 다 속상하더라.
나도 그래... 빨리 풀고 싶은데 쉽지 않네.
혹시 내가 중간에서 뭐라도 도와줄까?
음... 고맙긴 한데 우리 둘 문제는 우리끼리 해결하는 게 좋을 것 같아.
네 생각도 존중해. 그래도 혹시 필요하면 언제든 말해.
응 고마워. 조만간 좋은 소식 들려줄 수 있도록 노력할게.
기대할게!"
싸웠던 친구와 화해,"야! 드디어 걔랑 화해했다며? 완전 축하해!
응! 네 덕분에 용기내서 먼저 연락했어.
진짜? 뭐라고 했길래 그렇게 빨리 풀렸어?
그냥 솔직하게 내 감정 이야기하고 미안하다고 했어. 걔도 바로 받아주더라.
역시 솔직함이 최고야! 이제 다시 신나게 놀 수 있겠네!
응! 조만간 같이 보자. 맛있는 거 쏠게!
좋아!"
싸웠던 친구와 화해,"아직도 그 친구랑 서먹서먹해?
솔직히 아직 좀 그래. 먼저 연락은 했는데 답장이 없어.
답장이 없어? 무슨 일 있는 건 아니겠지?
나도 그게 걱정돼. 괜히 연락했나 싶기도 하고.
너무 자책하지 마. 기다려보면 연락 올 거야. 그래도 혹시 모르니 한번 더 가볍게 연락해 봐.
음... 그래볼까. 고마워.
기운 내!"
싸웠던 친구와 화해,"너 요즘 얼굴이 밝아졌네? 혹시 좋은 일 있어?
응! 드디어 걔랑 완전히 화해했어!
와! 진짜? 어떻게?
만나서 서로 오해 풀고 진심으로 사과했어.
역시 직접 만나서 이야기하는 게 최고야! 이제 다시 불편한 사이 안 봐도 되겠네!
응! 이제 다시 예전처럼 신나게 지낼 수 있어!
다행이다!"
싸웠던 친구와 화해,"야... 걔랑 다시 어색해진 건 아니지?
아니! 이제 완전히 풀었어. 오히려 더 끈끈해진 것 같아.
정말? 싸우고 나서 더 친해지는 경우도 있더라니!
맞아. 서로 더 잘 이해하게 된 것 같아.
보기 좋다! 이제 싸우지 말고 오래오래 행복해라!
고마워! 너도!"
싸웠던 친구와 화해,"너 며칠 전에 걔한테 연락했다며? 잘 됐어?
응! 처음엔 좀 어색했는데 이야기하다 보니까 금방 풀렸어.
다행이다! 역시 너희는 쉽게 틀어질 사이가 아니야.
그러게. 괜히 걱정했나 봐.
이제 다시 즐겁게 지낼 일만 남았네!
응! 신난다!"
